{
  "armature": {
    "location": [30.440195083618164, 41.64899444580078, -16.568965911865234],
    "rotation": [
      0.4434513449668884,
      0.4541029632091522,
      0.5416100025177002,
      0.5511809587478638
    ]
  },
  "thumb": {
    "location": [24.555973052978516, 31.837526321411133, -4.721216201782227]
  },
  "index": {
    "location": [24.480627059936523, 20.528593063354492, -1.1997621059417725]
  },
  "middle": {
    "location": [28.53113555908203, 37.96238327026367, -4.28023099899292]
  },
  "ring": {
    "location": [32.966880798339844, 40.22709655761719, -4.388124465942383]
  },
  "pinky": {
    "location": [36.70635986328125, 42.17429733276367, -6.946025848388672]
  },
  "wrist": {
    "location": [22.72823143005371, 59.901676177978516, -19.715681076049805]
  }
}
