{
  "armature": {
    "location": [23.75311851501465, 33.9696159362793, -16.568965911865234],
    "rotation": [
      0.47580787539482117,
      0.4858643412590027,
      0.5133096575737,
      0.5235040783882141
    ]
  },
  "thumb": {
    "location": [16.733091354370117, 24.935890197753906, -4.721216678619385]
  },
  "index": {
    "location": [15.30003833770752, 13.717872619628906, -1.199761986732483]
  },
  "middle": {
    "location": [21.41510009765625, 30.538978576660156, -4.280231475830078]
  },
  "ring": {
    "location": [26.090736389160156, 32.25454330444336, -4.388124942779541]
  },
  "pinky": {
    "location": [30.037015914916992, 33.738521575927734, -6.94602632522583]
  },
  "wrist": {
    "location": [18.289207458496094, 53.01641082763672, -19.715681076049805]
  }
}
