{
  "armature": {
    "location": [22.115833282470703, 39.96802520751953, -16.568965911865234],
    "rotation": [
      0.47580787539482117,
      0.4858643412590027,
      0.5133096575737,
      0.5235040783882141
    ]
  },
  "thumb": {
    "location": [15.095807075500488, 30.93429946899414, -4.721216678619385]
  },
  "index": {
    "location": [13.66275405883789, 19.71628189086914, -1.199761986732483]
  },
  "middle": {
    "location": [19.777814865112305, 36.53738784790039, -4.280231475830078]
  },
  "ring": {
    "location": [24.45345115661621, 38.252952575683594, -4.388124942779541]
  },
  "pinky": {
    "location": [28.399730682373047, 39.73693084716797, -6.94602632522583]
  },
  "wrist": {
    "location": [16.65192222595215, 59.01482009887695, -19.715681076049805]
  }
}
