{
  "armature": {
    "location": [29.56978988647461, 37.037254333496094, -16.568965911865234],
    "rotation": [
      0.4814498722553253,
      0.49139532446861267,
      0.5080173015594482,
      0.5183200836181641
    ]
  },
  "thumb": {
    "location": [22.355737686157227, 28.157703399658203, -4.721216678619385]
  },
  "index": {
    "location": [20.680038452148438, 16.973360061645508, -1.1997618675231934]
  },
  "middle": {
    "location": [27.15801239013672, 33.65806198120117, -4.280231475830078]
  },
  "ring": {
    "location": [31.86971092224121, 35.271949768066406, -4.388124942779541]
  },
  "pinky": {
    "location": [35.847206115722656, 36.67010498046875, -6.946025848388672]
  },
  "wrist": {
    "location": [24.51971435546875, 56.19792938232422, -19.715681076049805]
  }
}
