{
  "armature": {
    "location": [13.663432121276855, 31.897985458374023, -12.87897777557373],
    "rotation": [
      0.5960095524787903,
      0.38276955485343933,
      0.3715665340423584,
      0.6001657843589783
    ]
  },
  "thumb": {
    "location": [13.132880210876465, 19.430055618286133, -4.721216678619385]
  },
  "index": {
    "location": [8.869664192199707, 5.766236305236816, -1.1997615098953247]
  },
  "middle": {
    "location": [18.974512100219727, 25.554912567138672, 0.7270889282226562]
  },
  "ring": {
    "location": [23.008424758911133, 27.819625854492188, 0.6191958785057068]
  },
  "pinky": {
    "location": [27.164316177368164, 29.766826629638672, -1.938705325126648]
  },
  "wrist": {
    "location": [25.994291305541992, 49.28857421875, -7.869378566741943]
  }
}
