{
  "armature": {
    "location": [25.598098754882812, 29.23837661743164, -16.263216018676758],
    "rotation": [
      0.5960095524787903,
      0.38276955485343933,
      0.3715665340423584,
      0.6001657843589783
    ]
  },
  "thumb": {
    "location": [19.71387481689453, 16.717708587646484, -4.721216201782227]
  },
  "index": {
    "location": [15.290545463562012, 4.19504976272583, -1.1997616291046143]
  },
  "middle": {
    "location": [20.82669448852539, 22.842567443847656, 0.7270888686180115]
  },
  "ring": {
    "location": [23.90195083618164, 25.107280731201172, 0.619195818901062]
  },
  "pinky": {
    "location": [26.036361694335938, 27.054481506347656, -1.9387056827545166]
  },
  "wrist": {
    "location": [21.358646392822266, 46.576229095458984, -7.869378566741943]
  }
}
