{
  "armature": {
    "location": [26.455175399780273, 36.10007095336914, -23.390785217285156],
    "rotation": [
      -0.49290385842323303,
      0.5707358717918396,
      0.505550742149353,
      -0.4191957712173462
    ]
  },
  "thumb": {
    "location": [2.9452409744262695, 14.633108139038086, -6.982501983642578]
  },
  "index": {
    "location": [16.122486114501953, 7.287578582763672, -0.8702489137649536]
  },
  "middle": {
    "location": [22.04315185546875, 3.4651846885681152, -6.039001941680908]
  },
  "ring": {
    "location": [27.422164916992188, 7.185686111450195, -4.400329113006592]
  },
  "pinky": {
    "location": [32.96195602416992, 12.966607093811035, -4.400329113006592]
  },
  "wrist": {
    "location": [16.852853775024414, 45.990455627441406, -4.8643646240234375]
  }
}
