{
  "armature": {
    "location": [25.19623374938965, 39.95596694946289, -23.390785217285156],
    "rotation": [
      -0.056980498135089874,
      0.7069323062896729,
      0.7037676572799683,
      0.041365645825862885
    ]
  },
  "thumb": {
    "location": [1.6863000392913818, 18.48900604248047, -6.982501983642578]
  },
  "index": {
    "location": [14.863545417785645, 11.143476486206055, -0.8702487945556641]
  },
  "middle": {
    "location": [19.70462989807129, 7.321081638336182, -6.039001941680908]
  },
  "ring": {
    "location": [25.083642959594727, 11.041583061218262, -4.400329113006592]
  },
  "pinky": {
    "location": [30.623435974121094, 16.8225040435791, -4.400329113006592]
  },
  "wrist": {
    "location": [12.952677726745605, 49.846351623535156, -6.350828170776367]
  }
}
