{
  "armature": {
    "location": [27.888893127441406, 31.061479568481445, -16.8969783782959],
    "rotation": [
      -0.056980498135089874,
      0.7069323062896729,
      0.7037676572799683,
      0.041365645825862885
    ]
  },
  "thumb": {
    "location": [3.114872455596924, 16.58176040649414, -6.982501983642578]
  },
  "index": {
    "location": [13.263978958129883, 4.667047500610352, -0.8702481389045715]
  },
  "middle": {
    "location": [20.350051879882812, 5.7857666015625, -6.039001941680908]
  },
  "ring": {
    "location": [26.0203800201416, 7.736567497253418, -4.400329113006592]
  },
  "pinky": {
    "location": [31.898792266845703, 13.172800064086914, -4.400329113006592]
  },
  "wrist": {
    "location": [14.834696769714355, 46.71666717529297, -11.18368911743164]
  }
}
