{
  "armature": {
    "location": [22.65264892578125, 32.02845001220703, -16.263216018676758],
    "rotation": [
      0.5960095524787903,
      0.38276955485343933,
      0.3715665340423584,
      0.6001657843589783
    ]
  },
  "thumb": {
    "location": [16.76842498779297, 19.507781982421875, -4.721216201782227]
  },
  "index": {
    "location": [15.474485397338867, 6.985122203826904, -1.1997617483139038]
  },
  "middle": {
    "location": [17.881242752075195, 25.632638931274414, 0.7270888686180115]
  },
  "ring": {
    "location": [20.956499099731445, 27.89735221862793, 0.619195818901062]
  },
  "pinky": {
    "location": [23.090911865234375, 29.844552993774414, -1.938705563545227]
  },
  "wrist": {
    "location": [18.41319465637207, 49.366302490234375, -7.869378566741943]
  }
}
