{
  "armature": {
    "location": [27.854976654052734, 35.25727081298828, -14.447578430175781],
    "rotation": [
      -0.0807233527302742,
      0.6319388151168823,
      0.770727813243866,
      0.010760675184428692
    ]
  },
  "thumb": {
    "location": [16.116540908813477, 20.713783264160156, -2.4661641120910645]
  },
  "index": {
    "location": [26.485902786254883, 11.833078384399414, -11.187610626220703]
  },
  "middle": {
    "location": [31.529924392700195, 12.907487869262695, -5.595315456390381]
  },
  "ring": {
    "location": [36.680877685546875, 15.977649688720703, -3.9566426277160645]
  },
  "pinky": {
    "location": [41.322078704833984, 22.502038955688477, -3.9566426277160645]
  },
  "wrist": {
    "location": [23.941511154174805, 54.04262161254883, -11.95748519897461]
  }
}
