{
  "armature": {
    "location": [28.17569923400879, 35.175079345703125, -14.447578430175781],
    "rotation": [
      -0.07867391407489777,
      0.7256556749343872,
      0.6832217574119568,
      0.021034900099039078
    ]
  },
  "thumb": {
    "location": [13.120908737182617, 24.100008010864258, -2.4661641120910645]
  },
  "index": {
    "location": [20.887123107910156, 12.871628761291504, -11.187610626220703]
  },
  "middle": {
    "location": [26.038463592529297, 12.62623405456543, -5.595315456390381]
  },
  "ring": {
    "location": [31.801395416259766, 14.283578872680664, -3.9566426277160645]
  },
  "pinky": {
    "location": [37.95095443725586, 19.411090850830078, -3.9566428661346436]
  },
  "wrist": {
    "location": [29.17464828491211, 54.33771896362305, -11.95748519897461]
  }
}
