{
  "armature": {
    "location": [23.602731704711914, 32.33077621459961, -7.959607124328613],
    "rotation": [
      0.23308460414409637,
      0.6295305490493774,
      0.6664887070655823,
      0.3242771327495575
    ]
  },
  "thumb": {
    "location": [8.188821792602539, 18.09013557434082, -1.253132700920105]
  },
  "index": {
    "location": [17.467918395996094, 9.682788848876953, -5.68765926361084]
  },
  "middle": {
    "location": [22.625064849853516, 9.701981544494629, -4.016112327575684]
  },
  "ring": {
    "location": [28.295392990112305, 11.652782440185547, -3.967437744140625]
  },
  "pinky": {
    "location": [34.173805236816406, 16.141767501831055, -4.568477630615234]
  },
  "wrist": {
    "location": [23.61732292175293, 51.51942825317383, -6.05109977722168]
  }
}
