{
  "armature": {
    "location": [26.21229362487793, 36.167213439941406, -23.390785217285156],
    "rotation": [
      -0.056980498135089874,
      0.7069323062896729,
      0.7037676572799683,
      0.041365645825862885
    ]
  },
  "thumb": {
    "location": [2.7023608684539795, 14.700252532958984, -6.982501983642578]
  },
  "index": {
    "location": [15.879606246948242, 7.354722023010254, -0.8702489137649536]
  },
  "middle": {
    "location": [20.720691680908203, 3.5323281288146973, -6.039001941680908]
  },
  "ring": {
    "location": [26.09970474243164, 7.2528300285339355, -4.400329113006592]
  },
  "pinky": {
    "location": [31.639495849609375, 13.033750534057617, -4.400329113006592]
  },
  "wrist": {
    "location": [18.19987678527832, 46.05759811401367, -3.551586389541626]
  }
}
