{
  "armature": {
    "location": [23.602731704711914, 27.546724319458008, -11.134753227233887],
    "rotation": [
      0.5070878267288208,
      0.43988531827926636,
      0.7403071522712708,
      -0.03616878762841225
    ]
  },
  "thumb": {
    "location": [9.233345031738281, 13.954460144042969, -1.253132700920105]
  },
  "index": {
    "location": [15.32676887512207, 9.682788848876953, -11.9923734664917]
  },
  "middle": {
    "location": [19.00963592529297, 7.252645492553711, -10.633932113647461]
  },
  "ring": {
    "location": [24.679964065551758, 9.203446388244629, -10.585256576538086]
  },
  "pinky": {
    "location": [30.55837631225586, 13.692431449890137, -11.186296463012695]
  },
  "wrist": {
    "location": [21.732500076293945, 44.49408721923828, -1.8120012283325195]
  }
}
