{
  "armature": {
    "location": [30.667299270629883, 35.489654541015625, -6.852331638336182],
    "rotation": [
      -0.07918772846460342,
      0.707886278629303,
      0.7016159296035767,
      0.01900932565331459
    ]
  },
  "thumb": {
    "location": [11.391006469726562, 34.70418930053711, -2.684321880340576]
  },
  "index": {
    "location": [20.90947723388672, 10.177902221679688, -1.3907546997070312]
  },
  "middle": {
    "location": [27.206789016723633, 6.154401779174805, -6.431295394897461]
  },
  "ring": {
    "location": [34.747314453125, 8.105202674865723, -4.792621612548828]
  },
  "pinky": {
    "location": [40.83690643310547, 13.541433334350586, -4.7926225662231445]
  },
  "wrist": {
    "location": [30.110837936401367, 50.18461990356445, -21.97831153869629]
  }
}
