{
  "armature": {
    "location": [33.40093994140625, 33.387718200683594, -6.852331638336182],
    "rotation": [
      -0.07918772846460342,
      0.707886278629303,
      0.7016159296035767,
      0.01900932565331459
    ]
  },
  "thumb": {
    "location": [13.046466827392578, 29.9146785736084, -2.684321880340576]
  },
  "index": {
    "location": [22.910327911376953, 12.330150604248047, -1.3907546997070312]
  },
  "middle": {
    "location": [27.206789016723633, 6.154401779174805, -6.431295394897461]
  },
  "ring": {
    "location": [34.747314453125, 8.105202674865723, -4.792621612548828]
  },
  "pinky": {
    "location": [40.83690643310547, 13.541433334350586, -4.7926225662231445]
  },
  "wrist": {
    "location": [33.86076354980469, 48.49825668334961, -14.690106391906738]
  }
}
