{
  "armature": {
    "location": [33.30091094970703, 32.93674850463867, -6.852331161499023],
    "rotation": [
      0.12677083909511566,
      0.6963875889778137,
      0.62071293592453,
      0.3371780216693878
    ]
  },
  "thumb": {
    "location": [13.883196830749512, 32.88745880126953, -2.684321403503418]
  },
  "index": {
    "location": [16.354278564453125, 19.147912979125977, -1.3907537460327148]
  },
  "middle": {
    "location": [21.372119903564453, 13.30039119720459, -5.048945903778076]
  },
  "ring": {
    "location": [26.67508316040039, 14.17595386505127, -6.174652576446533]
  },
  "pinky": {
    "location": [30.836772918701172, 17.16982078552246, -5.364264488220215]
  },
  "wrist": {
    "location": [35.03307342529297, 47.905033111572266, -22.78050994873047]
  }
}
