{
  "armature": {
    "location": [24.11935806274414, 25.476835250854492, -2.8347599506378174],
    "rotation": [
      0.36524492502212524,
      0.648848831653595,
      0.556481122970581,
      0.36867502331733704
    ]
  },
  "thumb": {
    "location": [4.3513031005859375, 15.73277759552002, -3.0453877449035645]
  },
  "index": {
    "location": [15.193947792053223, 4.5977630615234375, -1.9697712659835815]
  },
  "middle": {
    "location": [21.815500259399414, 10.724696159362793, -4.2489914894104]
  },
  "ring": {
    "location": [26.879497528076172, 14.438953399658203, -4.678104877471924]
  },
  "pinky": {
    "location": [32.32057571411133, 17.632070541381836, -6.175906181335449]
  },
  "wrist": {
    "location": [21.00303840637207, 40.001548767089844, -2.629652500152588]
  }
}
