{
  "armature": {
    "location": [18.75827980041504, 34.52759552001953, -2.8347597122192383],
    "rotation": [
      0.5491006374359131,
      0.557510256767273,
      0.4344344735145569,
      0.4460248649120331
    ]
  },
  "thumb": {
    "location": [5.8004865646362305, 23.73820686340332, -3.0453877449035645]
  },
  "index": {
    "location": [15.589744567871094, 10.232438087463379, -1.969770908355713]
  },
  "middle": {
    "location": [24.880701065063477, 29.75332260131836, -3.292569160461426]
  },
  "ring": {
    "location": [29.854951858520508, 30.00151252746582, -3.400463104248047]
  },
  "pinky": {
    "location": [34.06396484375, 30.24538230895996, -5.958362579345703]
  },
  "wrist": {
    "location": [22.241283416748047, 51.977352142333984, -11.27558708190918]
  }
}
