{
  "armature": {
    "location": [24.842792510986328, 34.62809371948242, 1.2446966171264648],
    "rotation": [
      0.6263183951377869,
      0.4545508921146393,
      0.3130019009113312,
      0.5505810379981995
    ]
  },
  "thumb": {
    "location": [5.742269515991211, 20.79646873474121, -3.0453877449035645]
  },
  "index": {
    "location": [18.623363494873047, 9.614718437194824, -1.969770908355713]
  },
  "middle": {
    "location": [22.887033462524414, 30.604637145996094, -1.7897777557373047]
  },
  "ring": {
    "location": [25.80918312072754, 34.125247955322266, -0.942885160446167]
  },
  "pinky": {
    "location": [28.978612899780273, 34.11811447143555, -2.0618696212768555]
  },
  "wrist": {
    "location": [20.78473663330078, 53.86703109741211, -3.499160051345825]
  }
}
