{
  "armature": {
    "location": [28.310710906982422, 31.466520309448242, -2.8347597122192383],
    "rotation": [
      0.5491006374359131,
      0.557510256767273,
      0.4344344735145569,
      0.4460248649120331
    ]
  },
  "thumb": {
    "location": [8.555015563964844, 20.15233612060547, -3.0453877449035645]
  },
  "index": {
    "location": [14.225301742553711, 11.035051345825195, -1.969770908355713]
  },
  "middle": {
    "location": [20.99583625793457, 29.75332260131836, 1.8486785888671875]
  },
  "ring": {
    "location": [25.9700870513916, 30.00151252746582, 1.7407846450805664]
  },
  "pinky": {
    "location": [30.179101943969727, 30.24538230895996, -0.817115306854248]
  },
  "wrist": {
    "location": [26.824527740478516, 52.14393997192383, -3.499160051345825]
  }
}
