{
  "armature": {
    "location": [25.57068634033203, 26.55548858642578, -2.8347599506378174],
    "rotation": [
      0.5758571624755859,
      0.5206041932106018,
      0.3604148328304291,
      0.5171673893928528
    ]
  },
  "thumb": {
    "location": [7.062165260314941, 28.10177993774414, -3.0453877449035645]
  },
  "index": {
    "location": [14.819868087768555, 8.431477546691895, -1.969771146774292]
  },
  "middle": {
    "location": [22.453699111938477, 12.399663925170898, -4.501190662384033]
  },
  "ring": {
    "location": [28.069477081298828, 15.210858345031738, -4.930304050445557]
  },
  "pinky": {
    "location": [33.96947479248047, 19.5032901763916, -6.428105354309082]
  },
  "wrist": {
    "location": [34.93408966064453, 41.603477478027344, -2.629652500152588]
  }
}
