{
  "armature": {
    "location": [18.07305145263672, 32.66346740722656, 1.2446961402893066],
    "rotation": [
      0.436259925365448,
      0.04803907871246338,
      0.8304024338722229,
      0.3432237207889557
    ]
  },
  "thumb": {
    "location": [3.6084766387939453, 23.917104721069336, -3.0453877449035645]
  },
  "index": {
    "location": [18.623363494873047, 9.614718437194824, -1.969770908355713]
  },
  "middle": {
    "location": [18.3258056640625, 30.546606063842773, -1.7897779941558838]
  },
  "ring": {
    "location": [20.950387954711914, 34.06721878051758, -0.9428855180740356]
  },
  "pinky": {
    "location": [24.119815826416016, 34.06008529663086, -2.0618698596954346]
  },
  "wrist": {
    "location": [20.621620178222656, 49.45256042480469, -3.4991602897644043]
  }
}
