{
  "armature": {
    "location": [28.69339370727539, 32.20229721069336, -2.8347597122192383],
    "rotation": [
      0.4621918797492981,
      0.6285226941108704,
      0.5259501934051514,
      0.33869636058807373
    ]
  },
  "thumb": {
    "location": [9.641880989074707, 22.52647590637207, -3.0453877449035645]
  },
  "index": {
    "location": [20.54778480529785, 10.975272178649902, -1.9697710275650024]
  },
  "middle": {
    "location": [26.90952491760254, 12.399663925170898, -9.18246078491211]
  },
  "ring": {
    "location": [32.52530288696289, 15.210858345031738, -10.675434112548828]
  },
  "pinky": {
    "location": [38.42530059814453, 19.5032901763916, -12.173234939575195]
  },
  "wrist": {
    "location": [23.48898696899414, 53.89897918701172, -3.499160051345825]
  }
}
