{
  "armature": {
    "location": [25.57068634033203, 26.55548858642578, -2.8347599506378174],
    "rotation": [
      0.5769162774085999,
      0.5190785527229309,
      0.3587169945240021,
      0.5186986327171326
    ]
  },
  "thumb": {
    "location": [5.5470499992370605, 26.283510208129883, -3.0453877449035645]
  },
  "index": {
    "location": [13.266079902648926, 7.471588134765625, -1.969771146774292]
  },
  "middle": {
    "location": [20.822423934936523, 12.399663925170898, -4.2489914894104]
  },
  "ring": {
    "location": [26.438201904296875, 15.210858345031738, -4.678104877471924]
  },
  "pinky": {
    "location": [32.338199615478516, 17.44499397277832, -6.175906181335449]
  },
  "wrist": {
    "location": [31.11419677734375, 42.84210968017578, -2.629652500152588]
  }
}
