{
  "armature": {
    "location": [29.0736083984375, 33.219642639160156, 1.2446966171264648],
    "rotation": [
      0.6711505055427551,
      0.5477281212806702,
      0.3463413715362549,
      0.3599993586540222
    ]
  },
  "thumb": {
    "location": [10.391668319702148, 22.65653419494629, -3.0453877449035645]
  },
  "index": {
    "location": [22.08843994140625, 9.13119125366211, -1.969770908355713]
  },
  "middle": {
    "location": [20.85494041442871, 31.71132469177246, 0.38306066393852234]
  },
  "ring": {
    "location": [25.099437713623047, 32.13932800292969, -0.9428850412368774]
  },
  "pinky": {
    "location": [29.903766632080078, 33.9225959777832, -2.0618696212768555]
  },
  "wrist": {
    "location": [27.704986572265625, 37.493282318115234, -3.4991602897644043]
  }
}
