{
  "armature": {
    "location": [12.223240852355957, 33.155094146728516, -8.591358184814453],
    "rotation": [
      0.4424245059490204,
      0.48495936393737793,
      0.5502691268920898,
      0.5160220861434937
    ]
  },
  "thumb": {
    "location": [9.115870475769043, 23.78139877319336, -2.415696620941162]
  },
  "index": {
    "location": [19.991426467895508, 12.087759017944336, -2.4076714515686035]
  },
  "middle": {
    "location": [22.985471725463867, 13.135438919067383, -0.521425724029541]
  },
  "ring": {
    "location": [23.721622467041016, 29.093597412109375, -7.333493232727051]
  },
  "pinky": {
    "location": [26.781116485595703, 31.402175903320312, -8.95670223236084]
  },
  "wrist": {
    "location": [16.22466278076172, 46.81680679321289, -19.965192794799805]
  }
}
