{
  "armature": {
    "location": [10.802787780761719, 37.68483352661133, -8.591358184814453],
    "rotation": [
      0.4424245059490204,
      0.48495936393737793,
      0.5502691268920898,
      0.5160220861434937
    ]
  },
  "thumb": {
    "location": [11.185943603515625, 25.973926544189453, -2.415696620941162]
  },
  "index": {
    "location": [18.570972442626953, 16.61750030517578, -2.4076714515686035]
  },
  "middle": {
    "location": [21.565017700195312, 17.665180206298828, -0.5214257836341858]
  },
  "ring": {
    "location": [22.30116844177246, 33.62333679199219, -7.333493232727051]
  },
  "pinky": {
    "location": [25.36066246032715, 35.931915283203125, -8.95670223236084]
  },
  "wrist": {
    "location": [14.80420970916748, 51.3465461730957, -19.965192794799805]
  }
}
