{
  "armature": {
    "location": [10.802787780761719, 35.00419616699219, -8.591358184814453],
    "rotation": [
      0.4424245059490204,
      0.48495936393737793,
      0.5502691268920898,
      0.5160220861434937
    ]
  },
  "thumb": {
    "location": [11.968923568725586, 26.192075729370117, -2.415696620941162]
  },
  "index": {
    "location": [18.570972442626953, 13.936861991882324, -2.4076714515686035]
  },
  "middle": {
    "location": [21.62388038635254, 14.372715950012207, -0.5214257836341858]
  },
  "ring": {
    "location": [26.54581069946289, 30.942697525024414, -7.333493232727051]
  },
  "pinky": {
    "location": [29.605304718017578, 33.251277923583984, -8.95670223236084]
  },
  "wrist": {
    "location": [25.643285751342773, 48.66590881347656, -19.965192794799805]
  }
}
