{
  "armature": {
    "location": [10.802787780761719, 35.00419616699219, -8.591358184814453],
    "rotation": [
      0.23232625424861908,
      0.6298991441726685,
      0.6667534112930298,
      0.3235607147216797
    ]
  },
  "thumb": {
    "location": [13.93245792388916, 30.29742431640625, -2.415696620941162]
  },
  "index": {
    "location": [21.9134464263916, 17.020315170288086, -2.4076716899871826]
  },
  "middle": {
    "location": [24.898582458496094, 17.45616912841797, -0.5214256644248962]
  },
  "ring": {
    "location": [28.806438446044922, 29.775602340698242, -7.333493232727051]
  },
  "pinky": {
    "location": [31.86593246459961, 32.08418655395508, -8.95670223236084]
  },
  "wrist": {
    "location": [25.643285751342773, 48.66590881347656, -19.965192794799805]
  }
}
