{
  "armature": {
    "location": [21.28060531616211, 32.526119232177734, -8.418258666992188],
    "rotation": [
      0.5384931564331055,
      0.37863650918006897,
      0.45668455958366394,
      0.5984137058258057
    ]
  },
  "thumb": {
    "location": [5.573335647583008, 35.186134338378906, -2.415696620941162]
  },
  "index": {
    "location": [15.198933601379395, 11.88432788848877, -2.4076719284057617]
  },
  "middle": {
    "location": [18.975536346435547, 13.824538230895996, -0.5214253067970276]
  },
  "ring": {
    "location": [29.221078872680664, 26.143972396850586, -7.333493232727051]
  },
  "pinky": {
    "location": [32.280574798583984, 28.452556610107422, -8.95670223236084]
  },
  "wrist": {
    "location": [35.584877014160156, 47.15824890136719, -11.216410636901855]
  }
}
