{
  "armature": {
    "location": [19.483362197875977, 35.820960998535156, -3.1209988594055176],
    "rotation": [
      0.5384931564331055,
      0.37863650918006897,
      0.45668455958366394,
      0.5984137058258057
    ]
  },
  "thumb": {
    "location": [9.081914901733398, 36.36922836303711, -2.415696620941162]
  },
  "index": {
    "location": [13.227877616882324, 15.196566581726074, -2.4076719284057617]
  },
  "middle": {
    "location": [18.391389846801758, 16.76754379272461, -0.5214252471923828]
  },
  "ring": {
    "location": [29.402812957763672, 26.143972396850586, -7.333493232727051]
  },
  "pinky": {
    "location": [34.132896423339844, 28.452556610107422, -8.95670223236084]
  },
  "wrist": {
    "location": [35.98139953613281, 47.78483200073242, -11.216411590576172]
  }
}
