{
  "armature": {
    "location": [36.44719696044922, 36.804359436035156, -3.1209990978240967],
    "rotation": [
      0.5384931564331055,
      0.37863650918006897,
      0.45668455958366394,
      0.5984137058258057
    ]
  },
  "thumb": {
    "location": [10.550850868225098, 40.86053466796875, -2.415696620941162]
  },
  "index": {
    "location": [17.68168067932129, 17.841318130493164, -2.4076719284057617]
  },
  "middle": {
    "location": [20.78693389892578, 17.010223388671875, -0.5214252471923828]
  },
  "ring": {
    "location": [32.258705139160156, 26.143972396850586, -4.637364387512207]
  },
  "pinky": {
    "location": [37.006500244140625, 28.452556610107422, -6.359436988830566]
  },
  "wrist": {
    "location": [35.98139953613281, 47.78483200073242, -11.216411590576172]
  }
}
