{
  "armature": {
    "location": [25.339550018310547, 36.804359436035156, -11.418831825256348],
    "rotation": [
      0.2708110213279724,
      0.6099597215652466,
      0.6520713567733765,
      0.3597412109375
    ]
  },
  "thumb": {
    "location": [6.806143283843994, 26.153732299804688, -2.415696382522583]
  },
  "index": {
    "location": [18.082683563232422, 16.238895416259766, -2.4076719284057617]
  },
  "middle": {
    "location": [24.205739974975586, 15.643600463867188, -0.5214253664016724]
  },
  "ring": {
    "location": [32.258705139160156, 26.143972396850586, -4.637364387512207]
  },
  "pinky": {
    "location": [37.006500244140625, 28.452556610107422, -6.359436988830566]
  },
  "wrist": {
    "location": [24.21150779724121, 48.01075744628906, -11.216411590576172]
  }
}
