{
  "armature": {
    "location": [18.39497184753418, 28.03824234008789, -8.801042556762695],
    "rotation": [
      0.49651017785072327,
      0.5234154462814331,
      0.4980909526348114,
      0.481060653924942
    ]
  },
  "thumb": {
    "location": [6.450732707977295, 17.30309295654297, -2.727250576019287]
  },
  "index": {
    "location": [16.4786319732666, 5.958139419555664, -2.366767406463623]
  },
  "middle": {
    "location": [19.55055046081543, 6.464488506317139, -0.3851551115512848]
  },
  "ring": {
    "location": [23.346546173095703, 21.992883682250977, -7.172519207000732]
  },
  "pinky": {
    "location": [26.819705963134766, 23.707260131835938, -8.69663143157959]
  },
  "wrist": {
    "location": [19.54690170288086, 40.69612121582031, -20.04217529296875]
  }
}
