{
  "armature": {
    "location": [20.570209503173828, 35.26626205444336, -8.591358184814453],
    "rotation": [
      0.10282391309738159,
      0.679499626159668,
      0.69854336977005,
      0.19936054944992065
    ]
  },
  "thumb": {
    "location": [9.013216972351074, 26.408708572387695, -2.415696620941162]
  },
  "index": {
    "location": [15.699207305908203, 16.188350677490234, -1.4165929555892944]
  },
  "middle": {
    "location": [18.50640106201172, 16.606229782104492, -0.5214256644248962]
  },
  "ring": {
    "location": [22.23335075378418, 16.79857063293457, -0.9939407110214233]
  },
  "pinky": {
    "location": [23.914222717285156, 18.28640365600586, -0.4936096966266632]
  },
  "wrist": {
    "location": [26.103435516357422, 48.33803176879883, -19.965192794799805]
  }
}
