{
  "armature": {
    "location": [20.570209503173828, 35.26626205444336, -8.591358184814453],
    "rotation": [
      -0.3505416512489319,
      0.6575500965118408,
      0.6129080653190613,
      -0.2628542482852936
    ]
  },
  "thumb": {
    "location": [9.013216972351074, 20.065963745117188, -2.415696620941162]
  },
  "index": {
    "location": [20.03084945678711, 14.137089729309082, -1.4165929555892944]
  },
  "middle": {
    "location": [22.838043212890625, 14.55496883392334, -0.5214256644248962]
  },
  "ring": {
    "location": [26.564992904663086, 14.747309684753418, -0.9939407110214233]
  },
  "pinky": {
    "location": [28.245864868164062, 16.235143661499023, -0.493609756231308]
  },
  "wrist": {
    "location": [16.167312622070312, 53.73485565185547, -11.0747652053833]
  }
}
