{
  "armature": {
    "location": [19.483362197875977, 35.820960998535156, -3.1209988594055176],
    "rotation": [
      0.21172837913036346,
      0.6395441889762878,
      0.6735775470733643,
      0.3040522336959839
    ]
  },
  "thumb": {
    "location": [9.889692306518555, 29.16009521484375, -2.415696620941162]
  },
  "index": {
    "location": [15.236783981323242, 15.551037788391113, -2.4076719284057617]
  },
  "middle": {
    "location": [18.391389846801758, 16.76754379272461, -0.5214252471923828]
  },
  "ring": {
    "location": [21.263874053955078, 17.932788848876953, -1.5140321254730225]
  },
  "pinky": {
    "location": [26.68134117126465, 21.073869705200195, -0.8949849009513855]
  },
  "wrist": {
    "location": [18.385440826416016, 46.86640167236328, -11.216411590576172]
  }
}
