{
  "armature": {
    "location": [19.483362197875977, 35.820960998535156, -11.467832565307617],
    "rotation": [
      0.21172837913036346,
      0.6395441889762878,
      0.6735775470733643,
      0.3040522336959839
    ]
  },
  "thumb": {
    "location": [11.05668830871582, 33.87226867675781, -1.6672167778015137]
  },
  "index": {
    "location": [16.0925350189209, 14.587678909301758, -2.106078863143921]
  },
  "middle": {
    "location": [19.663394927978516, 15.387578964233398, -0.5214252471923828]
  },
  "ring": {
    "location": [22.559175491333008, 16.748130798339844, -1.514032006263733]
  },
  "pinky": {
    "location": [26.810049057006836, 19.00235366821289, -0.8949849009513855]
  },
  "wrist": {
    "location": [30.166893005371094, 46.86640167236328, -27.431760787963867]
  }
}
