{
  "armature": {
    "location": [19.483362197875977, 35.820960998535156, -11.467832565307617],
    "rotation": [
      0.21172837913036346,
      0.6395441889762878,
      0.6735775470733643,
      0.3040522336959839
    ]
  },
  "thumb": {
    "location": [6.690120697021484, 32.851959228515625, -1.6672168970108032]
  },
  "index": {
    "location": [11.729318618774414, 14.064570426940918, -2.106078863143921]
  },
  "middle": {
    "location": [15.516690254211426, 15.034409523010254, -0.5214253664016724]
  },
  "ring": {
    "location": [19.35721206665039, 16.338529586791992, -1.5140321254730225]
  },
  "pinky": {
    "location": [23.643878936767578, 18.018217086791992, -0.8949848413467407]
  },
  "wrist": {
    "location": [27.65142250061035, 46.86640167236328, -22.069103240966797]
  }
}
