{
  "armature": {
    "location": [19.483362197875977, 35.820960998535156, -11.467832565307617],
    "rotation": [
      0.21172837913036346,
      0.6395441889762878,
      0.6735775470733643,
      0.3040522336959839
    ]
  },
  "thumb": {
    "location": [9.565258979797363, 36.13823699951172, -1.6672168970108032]
  },
  "index": {
    "location": [11.729318618774414, 16.537572860717773, -2.106078863143921]
  },
  "middle": {
    "location": [15.516690254211426, 15.034409523010254, -0.5214253664016724]
  },
  "ring": {
    "location": [19.35721206665039, 17.284711837768555, -1.5140321254730225]
  },
  "pinky": {
    "location": [23.643878936767578, 19.279537200927734, -0.8949848413467407]
  },
  "wrist": {
    "location": [27.65142250061035, 46.86640167236328, -22.069103240966797]
  }
}
