{
  "armature": {
    "location": [19.483362197875977, 35.820960998535156, -11.467832565307617],
    "rotation": [
      0.21172837913036346,
      0.6395441889762878,
      0.6735775470733643,
      0.3040522336959839
    ]
  },
  "thumb": {
    "location": [11.766439437866211, 33.53963088989258, -1.6672168970108032]
  },
  "index": {
    "location": [13.983404159545898, 17.457275390625, -2.106078863143921]
  },
  "middle": {
    "location": [17.68608283996582, 18.013561248779297, -0.5214252471923828]
  },
  "ring": {
    "location": [21.647014617919922, 18.803173065185547, -1.514032006263733]
  },
  "pinky": {
    "location": [23.643878936767578, 19.279537200927734, -0.8949848413467407]
  },
  "wrist": {
    "location": [27.65142250061035, 46.86640167236328, -22.069103240966797]
  }
}
