{
  "armature": {
    "location": [19.483362197875977, 35.820960998535156, -9.82287311553955],
    "rotation": [
      0.21172837913036346,
      0.6395441889762878,
      0.6735775470733643,
      0.3040522336959839
    ]
  },
  "thumb": {
    "location": [8.153048515319824, 28.140703201293945, -7.739318370819092]
  },
  "index": {
    "location": [16.365549087524414, 14.357616424560547, -2.106078863143921]
  },
  "middle": {
    "location": [18.35698127746582, 15.024768829345703, -0.521425187587738]
  },
  "ring": {
    "location": [24.029159545898438, 15.703514099121094, -1.5140318870544434]
  },
  "pinky": {
    "location": [26.026023864746094, 16.17987823486328, -0.8949846029281616]
  },
  "wrist": {
    "location": [21.078691482543945, 38.08820343017578, -8.552864074707031]
  }
}
