{
  "armature": {
    "location": [20.570209503173828, 35.26626205444336, -8.591358184814453],
    "rotation": [
      0.10282391309738159,
      0.679499626159668,
      0.69854336977005,
      0.19936054944992065
    ]
  },
  "thumb": {
    "location": [7.714085578918457, 26.408708572387695, -11.207797050476074]
  },
  "index": {
    "location": [13.964879035949707, 19.037519454956055, -1.416593074798584]
  },
  "middle": {
    "location": [16.77207374572754, 19.455398559570312, -0.5214256644248962]
  },
  "ring": {
    "location": [20.4990234375, 19.64773941040039, -0.9939407110214233]
  },
  "pinky": {
    "location": [22.179895401000977, 21.13557243347168, -0.4936096966266632]
  },
  "wrist": {
    "location": [25.61627197265625, 48.33803176879883, -19.965192794799805]
  }
}
