{
  "armature": {
    "location": [24.027263641357422, 31.18315887451172, -12.967971801757812],
    "rotation": [
      0.036973923444747925,
      -0.7054727673530579,
      -0.7051019072532654,
      -0.06142242252826691
    ]
  },
  "thumb": {
    "location": [7.739789962768555, 21.365856170654297, -7.568465709686279]
  },
  "index": {
    "location": [13.693568229675293, 9.480016708374023, -1.8092702627182007]
  },
  "middle": {
    "location": [17.891157150268555, 10.348406791687012, -0.5214251279830933]
  },
  "ring": {
    "location": [22.02712631225586, 10.497779846191406, -1.514032244682312]
  },
  "pinky": {
    "location": [25.066072463989258, 10.188486099243164, -0.8949849605560303]
  },
  "wrist": {
    "location": [25.23464012145996, 45.54157257080078, -7.568731307983398]
  }
}
