{
  "armature": {
    "location": [18.560880661010742, 29.693634033203125, -9.58117961883545],
    "rotation": [
      -0.07918772846460342,
      0.707886278629303,
      0.7016159296035767,
      0.01900932565331459
    ]
  },
  "thumb": {
    "location": [5.234143257141113, 20.345420837402344, -8.463140487670898]
  },
  "index": {
    "location": [14.443023681640625, 12.730822563171387, -2.200796127319336]
  },
  "middle": {
    "location": [17.583213806152344, 13.08443832397461, -0.7289162278175354]
  },
  "ring": {
    "location": [20.410953521728516, 12.917232513427734, -1.397721290588379]
  },
  "pinky": {
    "location": [23.948410034179688, 13.615816116333008, -0.4724874794483185]
  },
  "wrist": {
    "location": [22.572771072387695, 47.60675811767578, -1.384155511856079]
  }
}
