{
  "armature": {
    "location": [16.08230972290039, 28.35210609436035, -15.100130081176758],
    "rotation": [
      -0.07918772846460342,
      0.707886278629303,
      0.7016159296035767,
      0.01900932565331459
    ]
  },
  "thumb": {
    "location": [5.234143257141113, 16.84803581237793, -8.463140487670898]
  },
  "index": {
    "location": [14.443023681640625, 9.233438491821289, -2.200796127319336]
  },
  "middle": {
    "location": [17.583213806152344, 9.587054252624512, -0.7289162278175354]
  },
  "ring": {
    "location": [20.410953521728516, 9.419848442077637, -1.397721290588379]
  },
  "pinky": {
    "location": [23.948410034179688, 10.118432998657227, -0.47248753905296326]
  },
  "wrist": { "location": [22.572771072387695, 44.109375, -1.3841553926467896] }
}
