{
  "armature": {
    "location": [18.560880661010742, 32.33077621459961, -9.58117961883545],
    "rotation": [
      -0.07918772846460342,
      0.707886278629303,
      0.7016159296035767,
      0.01900932565331459
    ]
  },
  "thumb": {
    "location": [5.234143257141113, 22.982563018798828, -8.463140487670898]
  },
  "index": {
    "location": [14.443023681640625, 15.367965698242188, -2.200796127319336]
  },
  "middle": {
    "location": [17.583213806152344, 15.721580505371094, -0.7289161682128906]
  },
  "ring": {
    "location": [20.410953521728516, 15.554374694824219, -1.397721290588379]
  },
  "pinky": {
    "location": [23.948410034179688, 16.252958297729492, -0.4724874496459961]
  },
  "wrist": {
    "location": [22.572771072387695, 50.243900299072266, -1.384155511856079]
  }
}
