{
  "armature": {
    "location": [17.20039939880371, 33.123355865478516, -21.54751968383789],
    "rotation": [
      -0.05872344970703125,
      0.672119140625,
      0.6762665510177612,
      0.29575490951538086
    ]
  },
  "thumb": {
    "location": [12.440142631530762, 23.284835815429688, 0.075188048183918]
  },
  "index": {
    "location": [14.042162895202637, 19.995582580566406, -1.117138385772705]
  },
  "middle": {
    "location": [16.722387313842773, 20.167844772338867, -0.48018479347229004]
  },
  "ring": {
    "location": [20.55231475830078, 19.94970703125, -1.198495626449585]
  },
  "pinky": {
    "location": [22.83014678955078, 20.797039031982422, -0.5513662099838257]
  },
  "wrist": {
    "location": [18.13018226623535, 58.70854949951172, -19.920026779174805]
  }
}
