{
  "armature": {
    "location": [17.20039939880371, 33.123355865478516, -21.54751968383789],
    "rotation": [
      -0.05872344970703125,
      0.672119140625,
      0.6762665510177612,
      0.29575490951538086
    ]
  },
  "thumb": {
    "location": [19.205839157104492, 27.796234130859375, 0.0751877948641777]
  },
  "index": {
    "location": [16.766218185424805, 23.463966369628906, -1.117138385772705]
  },
  "middle": {
    "location": [19.0944881439209, 20.989809036254883, -0.4801847040653229]
  },
  "ring": {
    "location": [21.77041244506836, 22.038814544677734, -1.1984955072402954]
  },
  "pinky": {
    "location": [24.075220108032227, 23.403545379638672, -0.5513662099838257]
  },
  "wrist": {
    "location": [18.13018226623535, 58.70854949951172, -31.266340255737305]
  }
}
