{
  "armature": {
    "location": [17.922298431396484, 28.431434631347656, -9.58117961883545],
    "rotation": [
      0.02956036850810051,
      0.6965588927268982,
      0.7054516077041626,
      0.1275547593832016
    ]
  },
  "thumb": {
    "location": [12.618751525878906, 15.110687255859375, -1.065151572227478]
  },
  "index": {
    "location": [13.721409797668457, 12.043096542358398, -0.7618687152862549]
  },
  "middle": {
    "location": [16.526830673217773, 11.424901962280273, -0.728916347026825]
  },
  "ring": {
    "location": [20.57440757751465, 11.969104766845703, -1.397721290588379]
  },
  "pinky": {
    "location": [24.00615692138672, 13.750200271606445, -0.47248750925064087]
  },
  "wrist": {
    "location": [21.649925231933594, 45.34962844848633, -5.873560905456543]
  }
}
