{
  "armature": {
    "location": [16.601612091064453, 26.275249481201172, -9.58117961883545],
    "rotation": [
      0.02956036850810051,
      0.6965588927268982,
      0.7054516077041626,
      0.1275547593832016
    ]
  },
  "thumb": {
    "location": [11.53795337677002, 13.772010803222656, -0.12154387682676315]
  },
  "index": {
    "location": [13.608183860778809, 9.978179931640625, -2.200796127319336]
  },
  "middle": {
    "location": [16.725435256958008, 10.438355445861816, -0.7289162278175354]
  },
  "ring": {
    "location": [19.300251007080078, 10.289332389831543, -1.397721290588379]
  },
  "pinky": {
    "location": [22.503883361816406, 10.816765785217285, -0.47248753905296326]
  },
  "wrist": {
    "location": [20.329238891601562, 43.193443298339844, -5.873560905456543]
  }
}
