{
  "armature": {
    "location": [17.922298431396484, 28.431434631347656, -9.58117961883545],
    "rotation": [
      0.02956036850810051,
      0.6965588927268982,
      0.7054516077041626,
      0.1275547593832016
    ]
  },
  "thumb": {
    "location": [12.147610664367676, 14.828289985656738, -1.065151572227478]
  },
  "index": {
    "location": [13.721409797668457, 12.043096542358398, -0.7618687152862549]
  },
  "middle": {
    "location": [16.99664878845215, 10.78441047668457, -0.728916347026825]
  },
  "ring": {
    "location": [20.96030044555664, 11.166399002075195, -1.397721290588379]
  },
  "pinky": {
    "location": [23.824569702148438, 12.97295093536377, -0.47248750925064087]
  },
  "wrist": {
    "location": [21.649925231933594, 45.34962844848633, -5.873560905456543]
  }
}
