{
  "armature": {
    "location": [18.126834869384766, 34.43577194213867, -9.652990341186523],
    "rotation": [
      -0.05872344970703125,
      0.672119140625,
      0.6762665510177612,
      0.29575490951538086
    ]
  },
  "thumb": {
    "location": [11.982804298400879, 23.2191162109375, -2.5624115467071533]
  },
  "index": {
    "location": [15.461385726928711, 15.327056884765625, -1.117138385772705]
  },
  "middle": {
    "location": [18.61199951171875, 15.185726165771484, -0.48018473386764526]
  },
  "ring": {
    "location": [22.195533752441406, 15.37077808380127, -1.198495626449585]
  },
  "pinky": {
    "location": [24.943754196166992, 16.890094757080078, -0.5513657331466675]
  },
  "wrist": {
    "location": [19.056617736816406, 60.02096939086914, -8.025498390197754]
  }
}
