{
  "armature": {
    "location": [18.126834869384766, 26.624448776245117, -9.652990341186523],
    "rotation": [
      -0.05872344970703125,
      0.672119140625,
      0.6762665510177612,
      0.29575490951538086
    ]
  },
  "thumb": {
    "location": [14.128158569335938, 11.588969230651855, 0.07518839836120605]
  },
  "index": {
    "location": [15.461385726928711, 7.515733242034912, -1.117138385772705]
  },
  "middle": {
    "location": [18.61199951171875, 7.374403476715088, -0.48018479347229004]
  },
  "ring": {
    "location": [22.195533752441406, 7.559455394744873, -1.198495626449585]
  },
  "pinky": {
    "location": [24.943754196166992, 9.078771591186523, -0.551365852355957]
  },
  "wrist": {
    "location": [19.056617736816406, 52.20964431762695, -8.025498390197754]
  }
}
