{
  "armature": {
    "location": [21.776546478271484, 34.399845123291016, -4.6636505126953125],
    "rotation": [
      -0.23544511198997498,
      0.6939225196838379,
      0.6656585335731506,
      -0.14119482040405273
    ]
  },
  "thumb": {
    "location": [3.0940117835998535, 26.592174530029297, -0.7732794880867004]
  },
  "index": {
    "location": [10.008326530456543, 10.99287223815918, -1.5934429168701172]
  },
  "middle": {
    "location": [18.512422561645508, 10.389728546142578, -0.49793434143066406]
  },
  "ring": {
    "location": [25.15896224975586, 12.581531524658203, -1.1141506433486938]
  },
  "pinky": {
    "location": [30.56543731689453, 17.85059356689453, -0.536450207233429]
  },
  "wrist": {
    "location": [17.905590057373047, 49.356689453125, -16.84739112854004]
  }
}
