{
  "armature": {
    "location": [24.61414337158203, 36.22523880004883, -13.06415843963623],
    "rotation": [
      -0.24075265228748322,
      0.7192587852478027,
      0.6381978392601013,
      -0.13194142282009125
    ]
  },
  "thumb": {
    "location": [16.851396560668945, 35.49501037597656, -0.7732797861099243]
  },
  "index": {
    "location": [14.428446769714355, 22.651565551757812, -1.593442678451538]
  },
  "middle": {
    "location": [19.709430694580078, 19.643632888793945, -0.4979342222213745]
  },
  "ring": {
    "location": [23.72380828857422, 19.723094940185547, -1.1141507625579834]
  },
  "pinky": {
    "location": [27.79560661315918, 24.952987670898438, -0.5364499688148499]
  },
  "wrist": {
    "location": [17.851078033447266, 47.38566589355469, -21.689456939697266]
  }
}
