{
  "armature": {
    "location": [21.776546478271484, 35.187644958496094, -5.932422637939453],
    "rotation": [
      0.16290713846683502,
      0.6596914529800415,
      0.6870204210281372,
      0.25743281841278076
    ]
  },
  "thumb": {
    "location": [7.922297954559326, 28.968473434448242, -2.3523337841033936]
  },
  "index": {
    "location": [13.385970115661621, 13.182243347167969, -1.5934430360794067]
  },
  "middle": {
    "location": [21.180419921875, 12.30461311340332, -0.4979342520236969]
  },
  "ring": {
    "location": [26.166858673095703, 14.764893531799316, -1.1141506433486938]
  },
  "pinky": {
    "location": [30.004287719726562, 20.05547523498535, -0.5364502668380737]
  },
  "wrist": {
    "location": [17.905590057373047, 49.356689453125, -21.587160110473633]
  }
}
