{
  "armature": {
    "location": [17.54507064819336, 38.425601959228516, -5.932422637939453],
    "rotation": [
      0.2972545623779297,
      0.5947356224060059,
      0.6404494643211365,
      0.3843878507614136
    ]
  },
  "thumb": {
    "location": [5.90403938293457, 37.397438049316406, -2.3523337841033936]
  },
  "index": {
    "location": [13.385970115661621, 16.42020034790039, -1.5934430360794067]
  },
  "middle": {
    "location": [21.180419921875, 15.542571067810059, -0.4979342520236969]
  },
  "ring": {
    "location": [26.166858673095703, 18.002851486206055, -1.1141506433486938]
  },
  "pinky": {
    "location": [30.004287719726562, 23.293432235717773, -0.5364502668380737]
  },
  "wrist": {
    "location": [23.472793579101562, 54.0305061340332, -21.587160110473633]
  }
}
