{
  "armature": {
    "location": [24.027263641357422, 23.30157470703125, -11.806788444519043],
    "rotation": [
      0.036973923444747925,
      -0.7054727673530579,
      -0.7051019072532654,
      -0.06142242252826691
    ]
  },
  "thumb": {
    "location": [3.564798593521118, 32.664283752441406, -2.852048873901367]
  },
  "index": {
    "location": [7.104440212249756, 12.51159954071045, -1.8092705011367798]
  },
  "middle": {
    "location": [14.017983436584473, 7.540263652801514, -0.5214247107505798]
  },
  "ring": {
    "location": [23.068525314331055, 8.48026180267334, -1.514032244682312]
  },
  "pinky": {
    "location": [32.50641632080078, 14.465729713439941, -0.8949851989746094]
  },
  "wrist": {
    "location": [25.23464012145996, 39.286895751953125, -18.51662826538086]
  }
}
