{
  "armature": {
    "location": [24.027263641357422, 23.30157470703125, -11.806788444519043],
    "rotation": [
      -0.28849726915359497,
      -0.5999199151992798,
      -0.6444417834281921,
      -0.3762456476688385
    ]
  },
  "thumb": {
    "location": [3.1871867179870605, 31.88001251220703, -2.852048873901367]
  },
  "index": {
    "location": [9.124710083007812, 11.630913734436035, -1.8092703819274902]
  },
  "middle": {
    "location": [17.760896682739258, 9.659116744995117, -0.5214249491691589]
  },
  "ring": {
    "location": [24.605867385864258, 13.000589370727539, -1.5140323638916016]
  },
  "pinky": {
    "location": [33.262027740478516, 19.871570587158203, -0.8949852585792542]
  },
  "wrist": {
    "location": [24.86157989501953, 41.063621520996094, -20.155208587646484]
  }
}
