{
  "armature": {
    "location": [24.027263641357422, 29.89504623413086, -12.1854829788208],
    "rotation": [
      -0.46568763256073,
      -0.462311327457428,
      -0.5307267904281616,
      -0.536407470703125
    ]
  },
  "thumb": {
    "location": [4.219905376434326, 30.547016143798828, -2.852048873901367]
  },
  "index": {
    "location": [9.124710083007812, 11.630913734436035, -1.8092703819274902]
  },
  "middle": {
    "location": [16.615726470947266, 10.111783981323242, -0.5214248895645142]
  },
  "ring": {
    "location": [23.40122413635254, 15.31578254699707, -1.514032244682312]
  },
  "pinky": {
    "location": [29.671310424804688, 21.914583206176758, -0.8949851393699646]
  },
  "wrist": {
    "location": [20.7584228515625, 46.23489761352539, -13.743831634521484]
  }
}
