{
  "armature": {
    "location": [24.027263641357422, 29.89504623413086, -12.1854829788208],
    "rotation": [
      -0.4200892448425293,
      -0.5051866769790649,
      -0.5675041675567627,
      -0.4962371289730072
    ]
  },
  "thumb": {
    "location": [5.268150329589844, 31.220050811767578, -2.852048873901367]
  },
  "index": {
    "location": [10.586286544799805, 16.890995025634766, -1.8092703819274902]
  },
  "middle": {
    "location": [16.754976272583008, 16.406795501708984, -0.5214249491691589]
  },
  "ring": {
    "location": [21.69491958618164, 19.82533836364746, -1.514032006263733]
  },
  "pinky": {
    "location": [27.878067016601562, 23.739145278930664, -0.8949850797653198]
  },
  "wrist": {
    "location": [27.256418228149414, 46.23489761352539, -13.743831634521484]
  }
}
