{
  "armature": {
    "location": [24.027263641357422, 29.89504623413086, -12.1854829788208],
    "rotation": [
      -0.15543954074382782,
      -0.6624475121498108,
      -0.6887485980987549,
      -0.25025635957717896
    ]
  },
  "thumb": {
    "location": [3.568587303161621, 30.44083023071289, -2.852048873901367]
  },
  "index": {
    "location": [8.532339096069336, 12.138778686523438, -1.8092705011367798]
  },
  "middle": {
    "location": [16.567441940307617, 6.170886993408203, -0.5214247703552246]
  },
  "ring": {
    "location": [26.438838958740234, 8.491598129272461, -1.514032244682312]
  },
  "pinky": {
    "location": [34.00922775268555, 15.510482788085938, -0.8949851989746094]
  },
  "wrist": {
    "location": [20.553726196289062, 48.29812240600586, -18.286766052246094]
  }
}
