{
  "armature": {
    "location": [15.261561393737793, 30.93240737915039, -12.1854829788208],
    "rotation": [
      -0.019469652324914932,
      -0.5920020341873169,
      -0.8031896352767944,
      -0.0635773241519928
    ]
  },
  "thumb": {
    "location": [4.5148444175720215, 22.80472183227539, -2.8520493507385254]
  },
  "index": {
    "location": [9.903033256530762, 10.589178085327148, -1.8092705011367798]
  },
  "middle": {
    "location": [19.114171981811523, 7.885754585266113, -0.5214245319366455]
  },
  "ring": {
    "location": [25.931568145751953, 10.094137191772461, -1.5140316486358643]
  },
  "pinky": {
    "location": [34.18555450439453, 13.986554145812988, -0.8949848413467407]
  },
  "wrist": {
    "location": [25.68094825744629, 45.728004455566406, -6.512901782989502]
  }
}
