{
  "armature": {
    "location": [15.261561393737793, 30.93240737915039, -12.1854829788208],
    "rotation": [
      -0.019469652324914932,
      -0.5920020341873169,
      -0.8031896352767944,
      -0.0635773241519928
    ]
  },
  "thumb": {
    "location": [5.592553615570068, 21.639976501464844, -2.8520493507385254]
  },
  "index": {
    "location": [8.758049011230469, 7.479369640350342, -1.8092705011367798]
  },
  "middle": {
    "location": [15.149808883666992, 4.117745876312256, -0.5214246511459351]
  },
  "ring": {
    "location": [20.444284439086914, 6.881420135498047, -1.5140318870544434]
  },
  "pinky": {
    "location": [29.262636184692383, 11.196653366088867, -0.894985020160675]
  },
  "wrist": {
    "location": [30.957611083984375, 45.728004455566406, -8.563394546508789]
  }
}
