{
  "armature": {
    "location": [18.560880661010742, 26.551959991455078, -5.749884128570557],
    "rotation": [
      -0.23544511198997498,
      0.6939225196838379,
      0.6656585335731506,
      -0.14119482040405273
    ]
  },
  "thumb": {
    "location": [7.1454243659973145, 15.971236228942871, -0.7732791900634766]
  },
  "index": {
    "location": [11.944499969482422, 4.963422775268555, -1.5934429168701172]
  },
  "middle": {
    "location": [18.257408142089844, 4.404734134674072, -0.49793434143066406]
  },
  "ring": {
    "location": [25.468753814697266, 5.681339740753174, -1.1141506433486938]
  },
  "pinky": {
    "location": [29.902462005615234, 9.576555252075195, -0.5364499688148499]
  },
  "wrist": {
    "location": [18.575471878051758, 45.7406120300293, -3.826076030731201]
  }
}
