{
  "armature": {
    "location": [15.261561393737793, 30.93240737915039, -12.1854829788208],
    "rotation": [
      -0.019469652324914932,
      -0.5920020341873169,
      -0.8031896352767944,
      -0.0635773241519928
    ]
  },
  "thumb": {
    "location": [5.592553615570068, 21.639976501464844, -2.8520493507385254]
  },
  "index": {
    "location": [10.188425064086914, 7.242572784423828, -1.8092705011367798]
  },
  "middle": {
    "location": [17.24033546447754, 4.268754005432129, -0.5214245915412903]
  },
  "ring": {
    "location": [23.253559112548828, 6.643519401550293, -1.5140317678451538]
  },
  "pinky": {
    "location": [31.32466697692871, 11.499199867248535, -0.894985020160675]
  },
  "wrist": {
    "location": [30.957611083984375, 45.728004455566406, -8.563394546508789]
  }
}
