{
  "armature": {
    "location": [22.78700828552246, 33.26490020751953, 4.877804756164551],
    "rotation": [
      0.30003440380096436,
      0.44889912009239197,
      0.637054443359375,
      0.5501186847686768
    ]
  },
  "thumb": {
    "location": [6.10270881652832, 22.035795211791992, -0.7624020576477051]
  },
  "index": {
    "location": [16.161161422729492, 29.06009864807129, 3.608290672302246]
  },
  "middle": {
    "location": [18.73009490966797, 30.266559600830078, 4.503459930419922]
  },
  "ring": {
    "location": [22.119152069091797, 29.193397521972656, 4.03094482421875]
  },
  "pinky": {
    "location": [25.91946029663086, 28.100048065185547, 4.531274795532227]
  },
  "wrist": {
    "location": [23.866474151611328, 43.93083190917969, -15.200662612915039]
  }
}
