{
  "armature": {
    "location": [22.78700828552246, 28.316299438476562, 4.877804756164551],
    "rotation": [
      0.30003440380096436,
      0.44889912009239197,
      0.637054443359375,
      0.5501186847686768
    ]
  },
  "thumb": {
    "location": [10.229223251342773, 22.20107650756836, -0.7624021768569946]
  },
  "index": {
    "location": [16.161161422729492, 24.11149787902832, 3.608290672302246]
  },
  "middle": {
    "location": [18.73009490966797, 25.31795883178711, 4.503459930419922]
  },
  "ring": {
    "location": [22.119152069091797, 24.244796752929688, 4.03094482421875]
  },
  "pinky": {
    "location": [25.91946029663086, 23.151447296142578, 4.531274795532227]
  },
  "wrist": {
    "location": [23.866474151611328, 38.98223114013672, -11.435537338256836]
  }
}
