{
  "armature": {
    "location": [31.35072898864746, 35.94978332519531, 4.877804756164551],
    "rotation": [
      0.30003440380096436,
      0.44889912009239197,
      0.637054443359375,
      0.5501186847686768
    ]
  },
  "thumb": {
    "location": [16.65045928955078, 29.23543357849121, -0.7624024748802185]
  },
  "index": {
    "location": [24.72488021850586, 31.744979858398438, 3.608290910720825]
  },
  "middle": {
    "location": [27.293813705444336, 32.95144271850586, 4.503459453582764]
  },
  "ring": {
    "location": [30.682870864868164, 31.878280639648438, 4.030944347381592]
  },
  "pinky": {
    "location": [34.48318099975586, 30.784931182861328, 4.531274318695068]
  },
  "wrist": {
    "location": [32.43019485473633, 46.6157112121582, -11.435537338256836]
  }
}
