{
  "armature": {
    "location": [30.51220703125, 34.13212203979492, 4.877804756164551],
    "rotation": [
      0.30003440380096436,
      0.44889912009239197,
      0.637054443359375,
      0.5501186847686768
    ]
  },
  "thumb": {
    "location": [16.133955001831055, 25.62184715270996, -0.7624024152755737]
  },
  "index": {
    "location": [23.8863582611084, 29.927318572998047, 3.608290910720825]
  },
  "middle": {
    "location": [26.455291748046875, 31.13378143310547, 4.503459453582764]
  },
  "ring": {
    "location": [29.844348907470703, 30.060619354248047, 4.030944347381592]
  },
  "pinky": {
    "location": [33.64466094970703, 28.967269897460938, 4.531274318695068]
  },
  "wrist": {
    "location": [31.591672897338867, 44.79804992675781, -11.435537338256836]
  }
}
