{
  "armature": {
    "location": [26.60835075378418, 34.72068405151367, 4.877804756164551],
    "rotation": [
      0.30003440380096436,
      0.44889912009239197,
      0.637054443359375,
      0.5501186847686768
    ]
  },
  "thumb": {
    "location": [12.230097770690918, 26.21040916442871, -0.7624021172523499]
  },
  "index": {
    "location": [19.982501983642578, 30.515880584716797, 3.6082911491394043]
  },
  "middle": {
    "location": [22.551435470581055, 31.72234344482422, 4.503459453582764]
  },
  "ring": {
    "location": [25.940492630004883, 30.649181365966797, 4.030944347381592]
  },
  "pinky": {
    "location": [29.74080467224121, 29.555831909179688, 4.531274318695068]
  },
  "wrist": {
    "location": [27.687816619873047, 45.38661193847656, -11.435537338256836]
  }
}
