{
  "armature": {
    "location": [26.60835075378418, 31.427623748779297, 4.877804756164551],
    "rotation": [
      0.30003440380096436,
      0.44889912009239197,
      0.637054443359375,
      0.5501186847686768
    ]
  },
  "thumb": {
    "location": [12.230097770690918, 22.917348861694336, -0.7624021172523499]
  },
  "index": {
    "location": [19.982501983642578, 27.222822189331055, 3.6082911491394043]
  },
  "middle": {
    "location": [22.551435470581055, 28.429285049438477, 4.503459453582764]
  },
  "ring": {
    "location": [25.940492630004883, 27.356122970581055, 4.030944347381592]
  },
  "pinky": {
    "location": [29.74080467224121, 26.262773513793945, 4.531274318695068]
  },
  "wrist": {
    "location": [27.687816619873047, 42.09355163574219, -11.435537338256836]
  }
}
