{
  "armature": {
    "location": [21.873615264892578, 31.388080596923828, 4.877804756164551],
    "rotation": [
      -0.14608721435070038,
      0.6901413202285767,
      0.6888523697853088,
      0.16687113046646118
    ]
  },
  "thumb": {
    "location": [10.361852645874023, 17.686506271362305, -0.7624018788337708]
  },
  "index": {
    "location": [16.582544326782227, 23.8038330078125, 3.608290433883667]
  },
  "middle": {
    "location": [19.151477813720703, 25.01029396057129, 4.503459930419922]
  },
  "ring": {
    "location": [22.54053497314453, 23.937131881713867, 4.03094482421875]
  },
  "pinky": {
    "location": [26.340843200683594, 22.843782424926758, 4.531275272369385]
  },
  "wrist": {
    "location": [22.953083038330078, 46.368717193603516, -4.819553852081299]
  }
}
