{
  "armature": {
    "location": [21.888662338256836, 29.24812889099121, 4.877804756164551],
    "rotation": [
      -0.14608721435070038,
      0.6901413202285767,
      0.6888523697853088,
      0.16687113046646118
    ]
  },
  "thumb": {
    "location": [10.376900672912598, 15.546554565429688, -0.7624019384384155]
  },
  "index": {
    "location": [16.597591400146484, 21.663881301879883, 3.608290433883667]
  },
  "middle": {
    "location": [19.16652488708496, 22.870342254638672, 4.503459930419922]
  },
  "ring": {
    "location": [22.55558204650879, 21.79718017578125, 4.03094482421875]
  },
  "pinky": {
    "location": [26.35589027404785, 20.70383071899414, 4.531275272369385]
  },
  "wrist": {
    "location": [22.968130111694336, 44.228763580322266, -4.819553852081299]
  }
}
