{
  "armature": {
    "location": [17.171213150024414, 29.790565490722656, 4.877804756164551],
    "rotation": [
      -0.14608721435070038,
      0.6901413202285767,
      0.6888523697853088,
      0.16687113046646118
    ]
  },
  "thumb": {
    "location": [4.047695636749268, 16.795059204101562, -0.7624021172523499]
  },
  "index": {
    "location": [11.880141258239746, 22.206317901611328, 3.608290672302246]
  },
  "middle": {
    "location": [14.449074745178223, 23.412778854370117, 4.503459930419922]
  },
  "ring": {
    "location": [17.838132858276367, 22.339616775512695, 4.03094482421875]
  },
  "pinky": {
    "location": [21.638439178466797, 21.246267318725586, 4.531274795532227]
  },
  "wrist": {
    "location": [18.25067901611328, 44.771202087402344, -4.819553852081299]
  }
}
