{
  "armature": {
    "location": [22.35655975341797, 29.24812889099121, 4.877804756164551],
    "rotation": [
      -0.14608721435070038,
      0.6901413202285767,
      0.6888523697853088,
      0.16687113046646118
    ]
  },
  "thumb": {
    "location": [11.31021785736084, 19.423120498657227, -0.7624018788337708]
  },
  "index": {
    "location": [14.896248817443848, 21.663881301879883, 3.608290433883667]
  },
  "middle": {
    "location": [19.634422302246094, 22.870342254638672, 4.503459930419922]
  },
  "ring": {
    "location": [23.023479461669922, 21.79718017578125, 4.03094482421875]
  },
  "pinky": {
    "location": [26.823787689208984, 20.70383071899414, 4.531275272369385]
  },
  "wrist": {
    "location": [23.43602752685547, 44.228763580322266, -4.819553852081299]
  }
}
