{
  "armature": {
    "location": [22.731342315673828, 29.24812889099121, 4.877804756164551],
    "rotation": [
      -0.14608721435070038,
      0.6901413202285767,
      0.6888523697853088,
      0.16687113046646118
    ]
  },
  "thumb": {
    "location": [11.219578742980957, 15.546554565429688, -0.7624019384384155]
  },
  "index": {
    "location": [17.440271377563477, 21.663881301879883, 3.608290433883667]
  },
  "middle": {
    "location": [20.009204864501953, 22.870342254638672, 4.503459930419922]
  },
  "ring": {
    "location": [23.39826202392578, 21.79718017578125, 4.03094482421875]
  },
  "pinky": {
    "location": [27.198570251464844, 20.70383071899414, 4.531275272369385]
  },
  "wrist": {
    "location": [23.810810089111328, 44.228763580322266, -4.819553852081299]
  }
}
