{
  "armature": {
    "location": [22.35655975341797, 29.24812889099121, 4.877804756164551],
    "rotation": [
      0.12153023481369019,
      0.5780129432678223,
      0.6936061382293701,
      0.4123614728450775
    ]
  },
  "thumb": {
    "location": [11.31021785736084, 19.423120498657227, -0.7624018788337708]
  },
  "index": {
    "location": [17.332592010498047, 21.663881301879883, 3.608290433883667]
  },
  "middle": {
    "location": [20.730941772460938, 22.870342254638672, 4.503459930419922]
  },
  "ring": {
    "location": [25.459821701049805, 21.79718017578125, 4.03094482421875]
  },
  "pinky": {
    "location": [29.260129928588867, 20.70383071899414, 4.531275272369385]
  },
  "wrist": {
    "location": [23.43602752685547, 44.228763580322266, -4.819553852081299]
  }
}
