{
  "armature": {
    "location": [13.077166557312012, 39.25273132324219, 2.6626906394958496],
    "rotation": [
      -0.5344194173812866,
      -0.3576762080192566,
      0.7508973479270935,
      0.15039585530757904
    ],
    "flow": false
  },
  "thumb": {
    "location": [7.02387809753418, 28.676637649536133, -2.6073720455169678],
    "flow": false
  },
  "index": {
    "location": [15.122848510742188, 12.324673652648926, -0.7091822028160095],
    "flow": false
  },
  "middle": {
    "location": [18.890275955200195, 8.967121124267578, -1.148144006729126],
    "flow": false
  },
  "ring": {
    "location": [24.33340072631836, 11.183286666870117, -1.0219612121582031],
    "flow": false
  },
  "pinky": {
    "location": [30.462310791015625, 14.549492835998535, -0.653066098690033],
    "flow": false
  },
  "wrist": {
    "location": [17.587215423583984, 48.63291549682617, -10.693440437316895],
    "flow": false
  }
}
