{
  "armature": {
    "location": [21.400943756103516, 29.541717529296875, -8.587900161743164],
    "rotation": [
      0.17443671822547913,
      0.47279927134513855,
      0.8633906245231628,
      0.02429179847240448
    ],
    "flow": false
  },
  "thumb": {
    "location": [6.079558849334717, 22.475696563720703, -2.6073720455169678],
    "flow": false
  },
  "index": {
    "location": [15.122848510742188, 6.104733943939209, -0.869893491268158],
    "flow": false
  },
  "middle": {
    "location": [19.124231338500977, 3.135035514831543, -0.08901083469390869],
    "flow": false
  },
  "ring": {
    "location": [23.21530532836914, 4.635880947113037, -1.390078067779541],
    "flow": false
  },
  "pinky": {
    "location": [28.77492904663086, 11.190938949584961, -0.6530661582946777],
    "flow": false
  },
  "wrist": {
    "location": [19.96916961669922, 51.837154388427734, -7.911980152130127],
    "flow": false
  }
}
