{
  "armature": {
    "location": [20.728734970092773, 29.34496307373047, -8.587900161743164],
    "rotation": [
      0.10632649064064026,
      0.4732501804828644,
      0.8743948340415955,
      -0.01278737187385559
    ],
    "flow": false
  },
  "thumb": {
    "location": [3.5262978076934814, 22.707529067993164, -2.6073720455169678],
    "flow": false
  },
  "index": {
    "location": [14.689798355102539, 5.609519004821777, -0.869893491268158],
    "flow": false
  },
  "middle": {
    "location": [19.023942947387695, 2.1703712940216064, -0.08901083469390869],
    "flow": false
  },
  "ring": {
    "location": [23.882993698120117, 4.006595134735107, -1.390078067779541],
    "flow": false
  },
  "pinky": {
    "location": [30.737972259521484, 11.64985179901123, -0.6530661582946777],
    "flow": false
  },
  "wrist": {
    "location": [20.8519344329834, 52.44630813598633, -7.911980152130127],
    "flow": false
  }
}
