{
  "armature": {
    "location": [23.54343605041504, 28.196378707885742, -8.587900161743164],
    "rotation": [
      0.17443671822547913,
      0.47279927134513855,
      0.8633906245231628,
      0.02429179847240448
    ],
    "flow": false
  },
  "thumb": {
    "location": [8.222050666809082, 21.13035774230957, -2.6073720455169678],
    "flow": false
  },
  "index": {
    "location": [17.26534080505371, 4.759395122528076, -0.869893491268158],
    "flow": false
  },
  "middle": {
    "location": [21.2667236328125, 1.7896968126296997, -0.08901084959506989],
    "flow": false
  },
  "ring": {
    "location": [25.357797622680664, 3.2905421257019043, -1.390078067779541],
    "flow": false
  },
  "pinky": {
    "location": [30.91741943359375, 9.845600128173828, -0.6530661582946777],
    "flow": false
  },
  "wrist": {
    "location": [22.111661911010742, 50.49181365966797, -7.911980152130127],
    "flow": false
  }
}
