{
  "armature": {
    "location": [20.529420852661133, 30.683496475219727, -8.587900161743164],
    "rotation": [
      0.06411343812942505,
      0.9594264030456543,
      0.260831743478775,
      -0.08578057587146759
    ]
  },
  "thumb": {
    "location": [6.939985275268555, 24.046062469482422, -2.6073720455169678]
  },
  "index": {
    "location": [14.490484237670898, 6.948053359985352, -0.869893491268158]
  },
  "middle": {
    "location": [18.824628829956055, 3.5089054107666016, -0.0890108272433281]
  },
  "ring": {
    "location": [23.29485511779785, 6.514287948608398, -1.390078067779541]
  },
  "pinky": {
    "location": [28.241540908813477, 12.988386154174805, -0.6530662775039673]
  },
  "wrist": {
    "location": [22.292457580566406, 53.78484344482422, -7.911980152130127]
  }
}
