{
  "armature": {
    "location": [20.877151489257812, 30.30265998840332, -2.8347597122192383],
    "rotation": [
      0.36213332414627075,
      0.6784250140190125,
      0.5992533564567566,
      0.22247618436813354
    ],
    "flow": false
  },
  "thumb": {
    "location": [5.346141338348389, 31.791154861450195, -3.0453877449035645],
    "flow": false
  },
  "index": {
    "location": [19.223773956298828, 5.410984516143799, -0.8455190062522888],
    "flow": false
  },
  "middle": {
    "location": [22.194095611572266, 1.7620298862457275, -0.29108041524887085],
    "flow": false
  },
  "ring": {
    "location": [28.097139358520508, 5.1082963943481445, -1.555523157119751],
    "flow": false
  },
  "pinky": {
    "location": [33.399803161621094, 12.630663871765137, -1.337228775024414],
    "flow": false
  },
  "wrist": {
    "location": [27.52335548400879, 47.5572624206543, -6.075193405151367],
    "flow": false
  }
}
