{
  "armature": {
    "location": [20.877151489257812, 30.30265998840332, -2.8347597122192383],
    "rotation": [
      0.36213332414627075,
      0.6784250140190125,
      0.5992533564567566,
      0.22247618436813354
    ],
    "flow": false
  },
  "thumb": {
    "location": [5.346141338348389, 31.791154861450195, -3.0453877449035645],
    "flow": false
  },
  "index": {
    "location": [17.33763313293457, 6.173506736755371, -0.8455190062522888],
    "flow": false
  },
  "middle": {
    "location": [20.79895782470703, 2.435093879699707, -0.29108044505119324],
    "flow": false
  },
  "ring": {
    "location": [25.35932731628418, 4.723133087158203, -1.5555232763290405],
    "flow": false
  },
  "pinky": {
    "location": [30.101842880249023, 11.95747184753418, -1.3372286558151245],
    "flow": false
  },
  "wrist": {
    "location": [27.52335548400879, 47.5572624206543, -6.075193405151367],
    "flow": false
  }
}
