{
  "armature": {
    "location": [14.146187782287598, 32.10430145263672, -2.8347597122192383],
    "rotation": [
      0.23753458261489868,
      0.7088871598243713,
      0.6586519479751587,
      0.08505937457084656
    ],
    "flow": false
  },
  "thumb": {
    "location": [4.3245649337768555, 29.237972259521484, -3.0453877449035645],
    "flow": false
  },
  "index": {
    "location": [17.35308074951172, 5.004644870758057, -0.8455190062522888],
    "flow": false
  },
  "middle": {
    "location": [21.7095947265625, 2.12331485748291, -0.29108044505119324],
    "flow": false
  },
  "ring": {
    "location": [25.997949600219727, 4.942255020141602, -1.555523157119751],
    "flow": false
  },
  "pinky": {
    "location": [30.814111709594727, 10.158946990966797, -1.337228775024414],
    "flow": false
  },
  "wrist": {
    "location": [27.131555557250977, 48.392513275146484, -6.075193405151367],
    "flow": false
  }
}
