{
  "armature": {
    "location": [19.128963470458984, 30.821733474731445, -2.8347597122192383],
    "rotation": [
      0.23753458261489868,
      0.7088871598243713,
      0.6586519479751587,
      0.08505937457084656
    ],
    "flow": false
  },
  "thumb": {
    "location": [4.877879619598389, 26.29231071472168, -3.0453877449035645],
    "flow": false
  },
  "index": {
    "location": [17.4755859375, 5.930057525634766, -0.8455190062522888],
    "flow": false
  },
  "middle": {
    "location": [22.64711570739746, 2.23334002494812, -0.29108041524887085],
    "flow": false
  },
  "ring": {
    "location": [26.34895133972168, 5.627369403839111, -1.555523157119751],
    "flow": false
  },
  "pinky": {
    "location": [31.6516170501709, 13.149736404418945, -1.337228775024414],
    "flow": false
  },
  "wrist": {
    "location": [21.808120727539062, 47.5572624206543, -6.075193405151367],
    "flow": false
  }
}
