{
  "armature": {
    "location": [24.80315399169922, 28.9078311920166, -9.638253211975098],
    "rotation": [
      0.2772677540779114,
      0.4664207994937897,
      0.8360586762428284,
      0.08112254738807678
    ],
    "flow": false
  },
  "thumb": {
    "location": [2.689056873321533, 31.237445831298828, -2.607372283935547],
    "flow": false
  },
  "index": {
    "location": [10.28434944152832, 8.733345031738281, -0.7091822028160095],
    "flow": false
  },
  "middle": {
    "location": [16.818130493164062, 3.7221028804779053, -1.148144245147705],
    "flow": false
  },
  "ring": {
    "location": [23.999130249023438, 6.425802707672119, -2.0329933166503906],
    "flow": false
  },
  "pinky": {
    "location": [31.322587966918945, 11.525096893310547, -0.6530661582946777],
    "flow": false
  },
  "wrist": {
    "location": [26.634384155273438, 47.251346588134766, -7.263397216796875],
    "flow": false
  }
}
