{
  "armature": {
    "location": [21.400943756103516, 28.9078311920166, -9.638253211975098],
    "rotation": [
      0.20351333916187286,
      0.47170835733413696,
      0.857002854347229,
      0.04025506228208542
    ],
    "flow": false
  },
  "thumb": {
    "location": [2.0343880653381348, 24.016714096069336, -2.6073720455169678],
    "flow": false
  },
  "index": {
    "location": [10.788737297058105, 5.637618064880371, -0.7091822028160095],
    "flow": false
  },
  "middle": {
    "location": [20.37630844116211, 2.632990837097168, -1.148144245147705],
    "flow": false
  },
  "ring": {
    "location": [28.12729835510254, 5.266739368438721, -2.0329933166503906],
    "flow": false
  },
  "pinky": {
    "location": [34.236576080322266, 13.984033584594727, -0.6530661582946777],
    "flow": false
  },
  "wrist": {
    "location": [22.772844314575195, 51.837154388427734, -4.5540876388549805],
    "flow": false
  }
}
