{
  "armature": {
    "location": [22.397441864013672, 29.272153854370117, -9.638253211975098],
    "rotation": [
      0.2772677540779114,
      0.4664207994937897,
      0.8360586762428284,
      0.08112254738807678
    ]
  },
  "thumb": {
    "location": [4.943526268005371, 24.65459632873535, -2.607372283935547]
  },
  "index": {
    "location": [13.237939834594727, 7.395629405975342, -0.7091823220252991]
  },
  "middle": {
    "location": [21.849035263061523, 3.9350130558013916, -1.1481441259384155]
  },
  "ring": {
    "location": [29.245113372802734, 8.362791061401367, -2.0329930782318115]
  },
  "pinky": {
    "location": [33.56106948852539, 15.267152786254883, -0.6530660390853882]
  },
  "wrist": {
    "location": [21.034475326538086, 49.93347930908203, -4.105873107910156]
  }
}
