{
  "armature": {
    "location": [25.892749786376953, 31.838098526000977, -8.574493408203125],
    "rotation": [
      0.45542746782302856,
      0.4825426936149597,
      0.6952196955680847,
      0.2764214873313904
    ]
  },
  "thumb": {
    "location": [16.761682510375977, 18.002605438232422, -17.235347747802734]
  },
  "index": {
    "location": [23.576934814453125, 4.415640354156494, -16.014280319213867]
  },
  "middle": {
    "location": [23.432437896728516, 1.0474944114685059, -10.36017894744873]
  },
  "ring": {
    "location": [23.594295501708984, 3.799744129180908, -5.254430294036865]
  },
  "pinky": {
    "location": [22.750600814819336, 9.869956970214844, -1.3501262664794922]
  },
  "wrist": {
    "location": [25.456533432006836, 44.5458984375, -11.853645324707031]
  }
}
