{
  "armature": {
    "location": [25.892749786376953, 43.89238357543945, -8.574493408203125],
    "rotation": [
      0.45542746782302856,
      0.4825426936149597,
      0.6952196955680847,
      0.2764214873313904
    ]
  },
  "thumb": {
    "location": [16.761682510375977, 30.056888580322266, -17.235347747802734]
  },
  "index": {
    "location": [23.576934814453125, 16.46992301940918, -16.014280319213867]
  },
  "middle": {
    "location": [23.432437896728516, 13.10177993774414, -10.36017894744873]
  },
  "ring": {
    "location": [23.594295501708984, 15.854028701782227, -5.254430294036865]
  },
  "pinky": {
    "location": [22.750600814819336, 21.92424201965332, -1.3501263856887817]
  },
  "wrist": {
    "location": [25.456533432006836, 56.600181579589844, -11.853645324707031]
  }
}
