{
  "armature": {
    "location": [21.088932037353516, 34.34245300292969, -8.574493408203125],
    "rotation": [
      0.45542746782302856,
      0.4825426936149597,
      0.6952196955680847,
      0.2764214873313904
    ]
  },
  "thumb": {
    "location": [11.957864761352539, 20.5069580078125, -17.235347747802734]
  },
  "index": {
    "location": [18.773117065429688, 6.919992923736572, -16.014280319213867]
  },
  "middle": {
    "location": [18.628620147705078, 3.551849842071533, -10.36017894744873]
  },
  "ring": {
    "location": [18.790477752685547, 6.304098606109619, -5.254430294036865]
  },
  "pinky": {
    "location": [17.946781158447266, 12.374311447143555, -1.3501267433166504]
  },
  "wrist": {
    "location": [20.6527156829834, 47.050254821777344, -11.853645324707031]
  }
}
