{
  "armature": {
    "location": [27.422243118286133, 29.980669021606445, -9.072492599487305],
    "rotation": [
      0.35284334421157837,
      0.5619280338287354,
      0.6281555891036987,
      0.4063985347747803
    ]
  },
  "thumb": {
    "location": [18.291175842285156, 16.14517593383789, -17.235347747802734]
  },
  "index": {
    "location": [25.106428146362305, 2.558210849761963, -16.014280319213867]
  },
  "middle": {
    "location": [24.961931228637695, -0.8099348545074463, -10.36017894744873]
  },
  "ring": {
    "location": [25.123788833618164, 1.9423149824142456, -5.254430294036865]
  },
  "pinky": {
    "location": [24.280094146728516, 8.012527465820312, -1.3501262664794922]
  },
  "wrist": {
    "location": [26.986026763916016, 42.68846893310547, -8.829203605651855]
  }
}
