{
  "armature": {
    "location": [25.14191246032715, 29.925453186035156, -9.072492599487305],
    "rotation": [
      0.35284334421157837,
      0.5619280338287354,
      0.6281555891036987,
      0.4063985347747803
    ]
  },
  "thumb": {
    "location": [16.010845184326172, 16.0899600982666, -17.235347747802734]
  },
  "index": {
    "location": [22.82609748840332, 2.5029947757720947, -16.014280319213867]
  },
  "middle": {
    "location": [22.68160057067871, -0.8651509284973145, -10.36017894744873]
  },
  "ring": {
    "location": [22.84345817565918, 1.8870989084243774, -5.254430294036865]
  },
  "pinky": {
    "location": [21.99976348876953, 7.957311630249023, -1.3501261472702026]
  },
  "wrist": {
    "location": [24.70569610595703, 42.63325119018555, -8.829203605651855]
  }
}
