{
  "armature": {
    "location": [32.54189682006836, 26.348587036132812, -5.195316791534424],
    "rotation": [
      0.2326081395149231,
      0.9299588203430176,
      0.2261706292629242,
      -0.17297163605690002
    ]
  },
  "thumb": {
    "location": [22.57077980041504, 20.332141876220703, -31.466676712036133]
  },
  "index": {
    "location": [4.969383239746094, 23.543285369873047, -16.014280319213867]
  },
  "middle": {
    "location": [1.9061145782470703, 24.951000213623047, -10.36017894744873]
  },
  "ring": {
    "location": [4.392677307128906, 23.76016616821289, -5.254430770874023]
  },
  "pinky": {
    "location": [10.331043243408203, 22.245208740234375, -1.3501272201538086]
  },
  "wrist": {
    "location": [24.105459213256836, 46.825496673583984, -7.953145980834961]
  }
}
