{
  "armature": {
    "location": [32.54189682006836, 26.348587036132812, -5.195316791534424],
    "rotation": [
      0.2326081395149231,
      0.9299588203430176,
      0.2261706292629242,
      -0.17297163605690002
    ]
  },
  "thumb": {
    "location": [22.57077980041504, 20.332141876220703, -31.466676712036133]
  },
  "index": {
    "location": [12.318828582763672, 9.12978458404541, -16.014280319213867]
  },
  "middle": {
    "location": [10.228368759155273, 9.023791313171387, -10.36017894744873]
  },
  "ring": {
    "location": [11.7421236038208, 9.346664428710938, -5.254430770874023]
  },
  "pinky": {
    "location": [13.422978401184082, 10.49268913269043, -1.3501272201538086]
  },
  "wrist": {
    "location": [24.105459213256836, 46.825496673583984, -7.953145980834961]
  }
}
