{
  "armature": {
    "location": [35.364036560058594, 26.348587036132812, -5.195316791534424],
    "rotation": [
      0.2326081395149231,
      0.9299588203430176,
      0.2261706292629242,
      -0.17297163605690002
    ]
  },
  "thumb": {
    "location": [25.392919540405273, 20.332141876220703, -31.466676712036133]
  },
  "index": {
    "location": [7.7915239334106445, 23.543285369873047, -16.014280319213867]
  },
  "middle": {
    "location": [4.728255271911621, 24.951000213623047, -10.36017894744873]
  },
  "ring": {
    "location": [7.214818000793457, 23.76016616821289, -5.254430770874023]
  },
  "pinky": {
    "location": [13.153183937072754, 22.245208740234375, -1.3501273393630981]
  },
  "wrist": {
    "location": [26.92759895324707, 46.825496673583984, -7.953145980834961]
  }
}
