{
  "armature": {
    "location": [37.40700912475586, 23.156627655029297, -4.537200450897217],
    "rotation": [
      0.2326081395149231,
      0.9299588203430176,
      0.2261706292629242,
      -0.17297163605690002
    ]
  },
  "thumb": {
    "location": [27.435890197753906, 17.140182495117188, -30.80855941772461]
  },
  "index": {
    "location": [9.834494590759277, 20.35132598876953, -15.35616397857666]
  },
  "middle": {
    "location": [6.771225929260254, 21.75904083251953, -9.702062606811523]
  },
  "ring": {
    "location": [9.25778865814209, 20.568206787109375, -4.596314430236816]
  },
  "pinky": {
    "location": [15.196154594421387, 19.05324935913086, -0.6920107007026672]
  },
  "wrist": {
    "location": [28.970569610595703, 43.63353729248047, -7.295029640197754]
  }
}
