{
  "armature": {
    "location": [25.892749786376953, 20.961206436157227, -5.870344638824463],
    "rotation": [
      0.6406230330467224,
      0.36724528670310974,
      0.5407231450080872,
      -0.4029301106929779
    ]
  },
  "thumb": {
    "location": [18.25558090209961, 22.256717681884766, -27.201801300048828]
  },
  "index": {
    "location": [7.477102279663086, 20.69142723083496, -16.014280319213867]
  },
  "middle": {
    "location": [7.332605361938477, 21.581117630004883, -10.36017894744873]
  },
  "ring": {
    "location": [7.494462966918945, 21.144826889038086, -5.254430294036865]
  },
  "pinky": {
    "location": [9.831496238708496, 18.97213363647461, -1.3501263856887817]
  },
  "wrist": {
    "location": [26.11196517944336, 39.54624938964844, -6.211783409118652]
  }
}
