{
  "armature": {
    "location": [34.04777908325195, 20.47853660583496, -5.870344638824463],
    "rotation": [
      0.6406230330467224,
      0.36724528670310974,
      0.5407231450080872,
      -0.4029301106929779
    ]
  },
  "thumb": {
    "location": [26.41061019897461, 21.7740478515625, -27.201801300048828]
  },
  "index": {
    "location": [15.632129669189453, 20.208757400512695, -16.014280319213867]
  },
  "middle": {
    "location": [15.487632751464844, 21.098447799682617, -10.36017894744873]
  },
  "ring": {
    "location": [15.649490356445312, 20.66215705871582, -5.254430770874023]
  },
  "pinky": {
    "location": [17.986526489257812, 18.489463806152344, -1.3501266241073608]
  },
  "wrist": {
    "location": [34.26699447631836, 39.06357955932617, -6.211783409118652]
  }
}
