{
  "armature": {
    "location": [15.546138763427734, 28.731435775756836, -10.580522537231445],
    "rotation": [
      0.7370806336402893,
      0.0224909745156765,
      -0.12251411378383636,
      0.6642277240753174
    ]
  },
  "thumb": {
    "location": [18.492698669433594, 24.838150024414062, -22.083213806152344]
  },
  "index": {
    "location": [19.003158569335938, 30.600833892822266, -13.455829620361328]
  },
  "middle": {
    "location": [19.679086685180664, 31.31053924560547, -9.092531204223633]
  },
  "ring": {
    "location": [19.41139030456543, 29.980560302734375, -5.022282600402832]
  },
  "pinky": {
    "location": [19.661144256591797, 30.96612548828125, -1.2827702760696411]
  },
  "wrist": {
    "location": [27.863325119018555, 38.36485290527344, -3.907266616821289]
  }
}
