{
  "armature": {
    "location": [9.658617973327637, 26.48720932006836, -10.580522537231445],
    "rotation": [
      0.7370806336402893,
      0.0224909745156765,
      -0.12251411378383636,
      0.6642277240753174
    ]
  },
  "thumb": {
    "location": [12.60517692565918, 22.593923568725586, -22.083213806152344]
  },
  "index": {
    "location": [13.115636825561523, 28.356609344482422, -13.455829620361328]
  },
  "middle": {
    "location": [13.7915678024292, 29.066314697265625, -9.092531204223633]
  },
  "ring": {
    "location": [13.523871421813965, 27.73633575439453, -5.022282600402832]
  },
  "pinky": {
    "location": [13.773622512817383, 28.721900939941406, -1.2827705144882202]
  },
  "wrist": {
    "location": [21.975805282592773, 36.12062454223633, -3.90726637840271]
  }
}
