{
  "armature": {
    "location": [9.84979248046875, 25.8525390625, -10.580522537231445],
    "rotation": [
      0.6645715236663818,
      0.035018447786569595,
      -0.11953769624233246,
      0.7367706894874573
    ]
  },
  "thumb": {
    "location": [13.533092498779297, 22.64735984802246, -22.083213806152344]
  },
  "index": {
    "location": [12.849218368530273, 28.392044067382812, -13.455829620361328]
  },
  "middle": {
    "location": [13.364991188049316, 29.225435256958008, -9.092531204223633]
  },
  "ring": {
    "location": [13.376132011413574, 27.86882781982422, -5.022282600402832]
  },
  "pinky": {
    "location": [13.418160438537598, 28.884675979614258, -1.2827701568603516]
  },
  "wrist": {
    "location": [19.926074981689453, 37.81014633178711, -3.907266616821289]
  }
}
