{
  "armature": {
    "location": [40.900577545166016, 34.89860534667969, -5.11793327331543],
    "rotation": [
      0.027058567851781845,
      0.2113996297121048,
      0.9313643574714661,
      -0.2951926589012146
    ]
  },
  "thumb": {
    "location": [16.2210693359375, 24.75669288635254, -5.174735069274902]
  },
  "index": {
    "location": [16.673725128173828, 20.10396385192871, -1.2372488975524902]
  },
  "middle": {
    "location": [14.039188385009766, 24.536985397338867, -1.50442373752594]
  },
  "ring": {
    "location": [14.061637878417969, 27.684951782226562, -0.948054850101471]
  },
  "pinky": {
    "location": [13.864411354064941, 30.986186981201172, -1.1585613489151]
  },
  "wrist": {
    "location": [39.20461654663086, 44.9186897277832, -15.89720344543457]
  }
}
