{
  "armature": {
    "location": [45.64105224609375, 30.616222381591797, -7.317948341369629],
    "rotation": [
      -0.006921602413058281,
      0.3166585862636566,
      0.901030957698822,
      -0.2963493764400482
    ]
  },
  "thumb": {
    "location": [19.42820930480957, 28.150814056396484, -7.37475061416626]
  },
  "index": {
    "location": [18.81044578552246, 23.51711654663086, -3.4372639656066895]
  },
  "middle": {
    "location": [17.25356101989746, 28.43326759338379, -3.704439163208008]
  },
  "ring": {
    "location": [17.991622924804688, 31.493574142456055, -3.1480700969696045]
  },
  "pinky": {
    "location": [18.55063819885254, 34.753108978271484, -3.358576774597168]
  },
  "wrist": {
    "location": [45.62010955810547, 31.570741653442383, -18.097217559814453]
  }
}
