{
  "armature": {
    "location": [40.900577545166016, 34.89860534667969, -5.11793327331543],
    "rotation": [
      0.027058567851781845,
      0.2113996297121048,
      0.9313643574714661,
      -0.2951926589012146
    ]
  },
  "thumb": {
    "location": [13.792503356933594, 25.15658187866211, -5.174735069274902]
  },
  "index": {
    "location": [14.245159149169922, 20.50385284423828, -1.2372487783432007]
  },
  "middle": {
    "location": [11.61062240600586, 24.936874389648438, -1.5044238567352295]
  },
  "ring": {
    "location": [11.633071899414062, 28.084840774536133, -0.9480549097061157]
  },
  "pinky": {
    "location": [11.435844421386719, 31.386075973510742, -1.1585614681243896]
  },
  "wrist": {
    "location": [36.77605056762695, 45.31857681274414, -15.89720344543457]
  }
}
