{
  "armature": {
    "location": [44.10700988769531, 28.593624114990234, -5.11793327331543],
    "rotation": [
      0.003531157970428467,
      0.2846938669681549,
      0.9116352200508118,
      -0.29640915989875793
    ]
  },
  "thumb": {
    "location": [18.133075714111328, 22.486967086791992, -5.174735069274902]
  },
  "index": {
    "location": [17.843387603759766, 17.82125473022461, -1.2372488975524902]
  },
  "middle": {
    "location": [15.943930625915527, 22.61547088623047, -1.5044236183166504]
  },
  "ring": {
    "location": [16.46449089050293, 25.72018051147461, -0.9480546712875366]
  },
  "pinky": {
    "location": [16.792415618896484, 29.011003494262695, -1.1585614681243896]
  },
  "wrist": {
    "location": [44.01885223388672, 38.75584030151367, -15.89720344543457]
  }
}
