{
  "armature": {
    "location": [39.60413360595703, 28.436262130737305, -5.11793327331543],
    "rotation": [
      0.003531157970428467,
      0.2846938669681549,
      0.9116352200508118,
      -0.29640915989875793
    ]
  },
  "thumb": {
    "location": [13.630200386047363, 24.129749298095703, -5.174735069274902]
  },
  "index": {
    "location": [13.3405122756958, 19.46403694152832, -1.2372488975524902]
  },
  "middle": {
    "location": [11.441055297851562, 24.25825309753418, -1.5044236183166504]
  },
  "ring": {
    "location": [11.961615562438965, 27.36296272277832, -0.9480546712875366]
  },
  "pinky": {
    "location": [12.28954029083252, 30.653785705566406, -1.1585614681243896]
  },
  "wrist": {
    "location": [39.51597595214844, 29.386932373046875, -15.89720344543457]
  }
}
