{
  "armature": {
    "location": [39.60413360595703, 27.22974967956543, -7.317947864532471],
    "rotation": [
      0.003531157970428467,
      0.2846938669681549,
      0.9116352200508118,
      -0.29640915989875793
    ]
  },
  "thumb": {
    "location": [13.630200386047363, 22.92323875427246, -7.37475061416626]
  },
  "index": {
    "location": [13.3405122756958, 18.257524490356445, -3.4372639656066895]
  },
  "middle": {
    "location": [11.441055297851562, 23.051740646362305, -3.704439163208008]
  },
  "ring": {
    "location": [11.961615562438965, 26.156450271606445, -3.1480698585510254]
  },
  "pinky": {
    "location": [12.28954029083252, 29.447275161743164, -3.358576774597168]
  },
  "wrist": {
    "location": [39.51597595214844, 28.180421829223633, -18.097217559814453]
  }
}
