{
  "armature": {
    "location": [40.08660888671875, 14.958632469177246, -7.317948341369629],
    "rotation": [
      -0.10352665185928345,
      0.5941007137298584,
      0.7477791905403137,
      -0.2777644395828247
    ]
  },
  "thumb": {
    "location": [17.964008331298828, 29.233850479125977, -7.37475061416626]
  },
  "index": {
    "location": [14.612656593322754, 25.974822998046875, -3.4372639656066895]
  },
  "middle": {
    "location": [16.429889678955078, 30.800806045532227, -3.704439163208008]
  },
  "ring": {
    "location": [18.902631759643555, 32.74907302856445, -3.1480700969696045]
  },
  "pinky": {
    "location": [21.357906341552734, 34.96463394165039, -3.358576774597168]
  },
  "wrist": {
    "location": [40.660518646240234, 15.721635818481445, -18.097217559814453]
  }
}
