{
  "armature": {
    "location": [44.701995849609375, 17.18219566345215, -7.317948341369629],
    "rotation": [
      -0.056580476462841034,
      0.46344658732414246,
      0.8350728750228882,
      -0.2909802496433258
    ]
  },
  "thumb": {
    "location": [19.150928497314453, 23.533117294311523, -7.37475061416626]
  },
  "index": {
    "location": [17.034086227416992, 19.365169525146484, -3.4372639656066895]
  },
  "middle": {
    "location": [17.19239044189453, 24.5195255279541, -3.704439163208008]
  },
  "ring": {
    "location": [18.90190315246582, 27.162965774536133, -3.1480700969696045]
  },
  "pinky": {
    "location": [20.50841522216797, 30.053674697875977, -3.358576536178589]
  },
  "wrist": {
    "location": [44.99821472167969, 18.089828491210938, -18.097217559814453]
  }
}
