{
  "armature": {
    "location": [46.24275207519531, 18.939247131347656, -7.317948341369629],
    "rotation": [
      -0.056580476462841034,
      0.46344658732414246,
      0.8350728750228882,
      -0.2909802496433258
    ]
  },
  "thumb": {
    "location": [20.69168472290039, 25.29016876220703, -7.37475061416626]
  },
  "index": {
    "location": [18.57484245300293, 21.122220993041992, -3.4372639656066895]
  },
  "middle": {
    "location": [18.73314666748047, 26.27657699584961, -3.704439163208008]
  },
  "ring": {
    "location": [20.442659378051758, 28.92001724243164, -3.1480700969696045]
  },
  "pinky": {
    "location": [22.049171447753906, 31.810726165771484, -3.358576536178589]
  },
  "wrist": {
    "location": [46.538970947265625, 19.846879959106445, -18.097217559814453]
  }
}
