{
  "armature": {
    "location": [45.62422180175781, 26.346954345703125, -7.317948341369629],
    "rotation": [
      -0.031727563589811325,
      0.39103999733924866,
      0.8713306784629822,
      -0.2947273552417755
    ]
  },
  "thumb": {
    "location": [19.36773681640625, 28.293319702148438, -7.37475061416626]
  },
  "index": {
    "location": [17.984888076782227, 23.827838897705078, -3.4372639656066895]
  },
  "middle": {
    "location": [17.27078628540039, 28.934940338134766, -3.704439163208008]
  },
  "ring": {
    "location": [18.509511947631836, 31.82903289794922, -3.1480700969696045]
  },
  "pinky": {
    "location": [19.60497283935547, 34.94945526123047, -3.358576774597168]
  },
  "wrist": {
    "location": [45.762962341308594, 27.291568756103516, -18.097217559814453]
  }
}
