{
  "armature": {
    "location": [24.254573822021484, 30.213783264160156, -14.551264762878418],
    "rotation": [
      0.26020944118499756,
      0.5351952314376831,
      0.5716378688812256,
      0.5648784637451172
    ]
  },
  "thumb": {
    "location": [2.0385518074035645, 20.217628479003906, -8.938002586364746]
  },
  "index": {
    "location": [15.00495719909668, 1.6887893676757812, -14.428619384765625]
  },
  "middle": {
    "location": [24.108591079711914, 2.6504955291748047, -15.918322563171387]
  },
  "ring": {
    "location": [30.934114456176758, 6.259023666381836, -15.143633842468262]
  },
  "pinky": {
    "location": [36.519100189208984, 12.361968994140625, -9.289213180541992]
  },
  "wrist": {
    "location": [22.70358657836914, 39.29711151123047, -9.354329109191895]
  }
}
