{
  "armature": {
    "location": [24.254573822021484, 17.497243881225586, -14.551264762878418],
    "rotation": [
      0.26020944118499756,
      0.5351952314376831,
      0.5716378688812256,
      0.5648784637451172
    ]
  },
  "thumb": {
    "location": [2.0385518074035645, 7.501089096069336, -8.938002586364746]
  },
  "index": {
    "location": [15.00495719909668, -11.027750015258789, -14.428619384765625]
  },
  "middle": {
    "location": [24.108591079711914, -10.066043853759766, -15.918322563171387]
  },
  "ring": {
    "location": [30.934114456176758, -6.457515716552734, -15.143633842468262]
  },
  "pinky": {
    "location": [36.519100189208984, -0.3545703887939453, -9.289213180541992]
  },
  "wrist": {
    "location": [22.70358657836914, 26.58057403564453, -9.354329109191895]
  }
}
