{
  "armature": {
    "location": [20.71610450744629, 18.718542098999023, -14.551264762878418],
    "rotation": [
      0.26020944118499756,
      0.5351952314376831,
      0.5716378688812256,
      0.5648784637451172
    ]
  },
  "thumb": {
    "location": [-1.4999160766601562, 8.722387313842773, -8.938002586364746]
  },
  "index": {
    "location": [11.4664888381958, -9.806450843811035, -14.428619384765625]
  },
  "middle": {
    "location": [20.57012176513672, -8.844744682312012, -15.918322563171387]
  },
  "ring": {
    "location": [27.395645141601562, -5.2362165451049805, -15.143633842468262]
  },
  "pinky": {
    "location": [32.98063278198242, 0.8667287826538086, -9.289213180541992]
  },
  "wrist": {
    "location": [19.165117263793945, 27.801870346069336, -9.354329109191895]
  }
}
