{
  "armature": {
    "location": [35.38087844848633, 25.637876510620117, -9.853231430053711],
    "rotation": [
      0.3427412509918213,
      0.936273455619812,
      0.059979237616062164,
      0.04819738119840622
    ]
  },
  "thumb": {
    "location": [17.484683990478516, 35.81764221191406, -2.4224929809570312]
  },
  "index": {
    "location": [19.207347869873047, 19.534297943115234, -2.3122386932373047]
  },
  "middle": {
    "location": [21.203575134277344, 11.929370880126953, -7.100166320800781]
  },
  "ring": {
    "location": [23.61550521850586, 5.700212478637695, -6.965095520019531]
  },
  "pinky": {
    "location": [29.51815414428711, 1.9036521911621094, -5.820834159851074]
  },
  "wrist": {
    "location": [50.510169982910156, 34.64208984375, -12.35687255859375]
  }
}
