{
  "armature": {
    "location": [33.62815475463867, 20.65210723876953, -9.853231430053711],
    "rotation": [
      0.3427412509918213,
      0.936273455619812,
      0.059979237616062164,
      0.04819738119840622
    ]
  },
  "thumb": {
    "location": [15.223292350769043, 31.431528091430664, -2.4224929809570312]
  },
  "index": {
    "location": [17.4953556060791, 22.49005126953125, -2.3122386932373047]
  },
  "middle": {
    "location": [18.048425674438477, 8.608461380004883, -7.100166320800781]
  },
  "ring": {
    "location": [20.281606674194336, 1.736396074295044, -6.965095520019531]
  },
  "pinky": {
    "location": [25.856239318847656, -2.527243137359619, -5.820834159851074]
  },
  "wrist": {
    "location": [49.4390754699707, 28.397178649902344, -12.35687255859375]
  }
}
