{
  "armature": {
    "location": [18.560880661010742, 34.88438034057617, -30.925312042236328],
    "rotation": [
      -0.07918772846460342,
      0.707886278629303,
      0.7016159296035767,
      0.01900932565331459
    ]
  },
  "thumb": {
    "location": [16.505645751953125, 29.65192985534668, -0.854417085647583]
  },
  "index": {
    "location": [12.983814239501953, 24.75243377685547, -1.518172025680542]
  },
  "middle": {
    "location": [17.583213806152344, 23.770978927612305, -0.2045583724975586]
  },
  "ring": {
    "location": [21.67812156677246, 23.44548797607422, -1.2193642854690552]
  },
  "pinky": {
    "location": [25.19185447692871, 27.48799705505371, -0.06421300023794174]
  },
  "wrist": {
    "location": [18.575471878051758, 54.07303237915039, -28.43522071838379]
  }
}
