{
  "armature": {
    "location": [22.0, 38.400001525878906, -18.0],
    "rotation": [
      -0.07918799668550491,
      0.7078859806060791,
      0.7016159892082214,
      0.01900932565331459
    ]
  },
  "thumb": {
    "location": [4.210000038146973, 36.348106384277344, -1.9433221817016602]
  },
  "index": {
    "location": [8.6899995803833, 18.73810577392578, -1.5633220672607422]
  },
  "middle": {
    "location": [16.219999313354492, 24.478107452392578, -1.2333221435546875]
  },
  "ring": {
    "location": [23.18000030517578, 24.778106689453125, -1.3133220672607422]
  },
  "pinky": {
    "location": [33.38999938964844, 22.56810760498047, -0.30332183837890625]
  },
  "wrist": {
    "location": [22.030000686645508, 57.63810729980469, -15.573322296142578]
  }
}
