{
  "armature": {
    "location": [15.733753204345703, 28.862186431884766, -13.448328971862793],
    "rotation": [
      0.1794823706150055,
      0.6532694101333618,
      0.6828774809837341,
      0.27331915497779846
    ]
  },
  "thumb": {
    "location": [5.614071846008301, 25.954538345336914, -1.0297130346298218]
  },
  "index": {
    "location": [9.994926452636719, 9.466687202453613, -0.979118824005127]
  },
  "middle": {
    "location": [19.041898727416992, 7.216814041137695, -0.9955198168754578]
  },
  "ring": {
    "location": [24.98235511779785, 10.95045280456543, -0.9941986799240112]
  },
  "pinky": {
    "location": [29.788999557495117, 17.778594970703125, -0.9721289873123169]
  },
  "wrist": {
    "location": [16.930049896240234, 46.03324890136719, -20.328357696533203]
  }
}
