{
  "armature": {
    "location": [17.933658599853516, 33.31776428222656, -10.472197532653809],
    "rotation": [
      0.18429173529148102,
      0.6513265371322632,
      0.6815953254699707,
      0.27791744470596313
    ]
  },
  "thumb": {
    "location": [4.511685371398926, 31.172502517700195, -1.0297130346298218]
  },
  "index": {
    "location": [11.023820877075195, 11.377490997314453, -0.979118824005127]
  },
  "middle": {
    "location": [18.086498260498047, 8.980632781982422, -0.9955198168754578]
  },
  "ring": {
    "location": [25.20283317565918, 12.86125659942627, -0.9941986799240112]
  },
  "pinky": {
    "location": [31.69980239868164, 19.836383819580078, -0.9721289873123169]
  },
  "wrist": {
    "location": [18.96617317199707, 51.635009765625, -16.455801010131836]
  }
}
