{
  "armature": {
    "location": [22.702077865600586, 34.096092224121094, -6.593674659729004],
    "rotation": [
      0.07939178496599197,
      0.5978301763534546,
      0.7824921011924744,
      0.1549260914325714
    ]
  },
  "thumb": {
    "location": [4.008569717407227, 35.749874114990234, -1.5256706476211548]
  },
  "index": {
    "location": [9.964422225952148, 12.961137771606445, -1.5838146209716797]
  },
  "middle": {
    "location": [17.583213806152344, 9.701981544494629, -6.662632942199707]
  },
  "ring": {
    "location": [23.253541946411133, 11.652782440185547, 0.23409605026245117]
  },
  "pinky": {
    "location": [31.543556213378906, 19.014423370361328, 0.23409608006477356]
  },
  "wrist": {
    "location": [22.820083618164062, 51.62960433959961, -15.260226249694824]
  }
}
