{
  "armature": {
    "location": [18.213518142700195, 31.4252872467041, -12.538705825805664],
    "rotation": [
      0.16285377740859985,
      0.6597113609313965,
      0.6870329976081848,
      0.2573816180229187
    ]
  },
  "thumb": {
    "location": [5.259664535522461, 31.856273651123047, -2.696786403656006]
  },
  "index": {
    "location": [9.372821807861328, 9.799895286560059, -6.996871471405029]
  },
  "middle": {
    "location": [17.505416870117188, 8.535033226013184, 0.30030298233032227]
  },
  "ring": {
    "location": [25.198455810546875, 10.719223976135254, 0.23409605026245117]
  },
  "pinky": {
    "location": [32.78839111328125, 17.866979598999023, 0.23409605026245117]
  },
  "wrist": {
    "location": [18.575471878051758, 51.406742095947266, -21.009002685546875]
  }
}
