{
  "armature": {
    "location": [27.23445701599121, 43.87348556518555, -13.959647178649902],
    "rotation": [
      -0.07918772846460342,
      0.707886278629303,
      0.7016159296035767,
      0.01900932565331459
    ]
  },
  "thumb": {
    "location": [14.613049507141113, 32.040679931640625, -8.592365264892578]
  },
  "index": {
    "location": [21.09964370727539, 20.824573516845703, -1.8022339344024658]
  },
  "middle": {
    "location": [26.256790161132812, 18.044828414916992, -9.797603607177734]
  },
  "ring": {
    "location": [31.927120208740234, 19.995628356933594, -8.15893268585205]
  },
  "pinky": {
    "location": [37.8055305480957, 25.431859970092773, -8.15893268585205]
  },
  "wrist": {
    "location": [27.249048233032227, 63.062137603759766, -11.469554901123047]
  }
}
