{
  "armature": {
    "location": [23.31499671936035, 41.791412353515625, -16.006465911865234],
    "rotation": [
      -0.14236178994178772,
      0.7067016363143921,
      0.6915697455406189,
      -0.045135222375392914
    ]
  },
  "thumb": {
    "location": [10.256597518920898, 29.95860481262207, -10.05031681060791]
  },
  "index": {
    "location": [19.636343002319336, 25.786989212036133, -2.0469038486480713]
  },
  "middle": {
    "location": [24.49691390991211, 19.162612915039062, -7.223376274108887]
  },
  "ring": {
    "location": [29.82193374633789, 21.113412857055664, -6.533314228057861]
  },
  "pinky": {
    "location": [35.60404586791992, 26.549644470214844, -7.592987537384033]
  },
  "wrist": {
    "location": [23.77822494506836, 60.98006057739258, -13.559794425964355]
  }
}
