{
  "armature": {
    "location": [13.583719253540039, 29.023773193359375, -10.333131790161133],
    "rotation": [
      0.1785089373588562,
      0.5743006467819214,
      -0.7953357100486755,
      0.0758696049451828
    ]
  },
  "thumb": {
    "location": [18.261415481567383, 21.943286895751953, -25.387619018554688]
  },
  "index": {
    "location": [20.620643615722656, 26.65802574157715, -18.672378540039062]
  },
  "middle": {
    "location": [21.289867401123047, 26.14695930480957, -13.548093795776367]
  },
  "ring": {
    "location": [19.592117309570312, 24.69869613647461, -10.043362617492676]
  },
  "pinky": {
    "location": [19.558029174804688, 24.975919723510742, -5.232377052307129]
  },
  "wrist": {
    "location": [29.328861236572266, 35.98112869262695, -4.1565937995910645]
  }
}
