{
  "armature": {
    "location": [7.753332138061523, 28.334686279296875, -1.5745277404785156],
    "rotation": [
      0.36953240633010864,
      0.6333677172660828,
      -0.6710529327392578,
      -0.10945428162813187
    ]
  },
  "thumb": {
    "location": [4.145479202270508, 22.59088897705078, -17.469303131103516]
  },
  "index": {
    "location": [9.257684707641602, 27.388530731201172, -12.597223281860352]
  },
  "middle": {
    "location": [12.687402725219727, 26.81632423400879, -8.740157127380371]
  },
  "ring": {
    "location": [13.373743057250977, 25.001447677612305, -5.066178321838379]
  },
  "pinky": {
    "location": [15.9600248336792, 25.107192993164062, -1.0012598037719727]
  },
  "wrist": {
    "location": [23.392532348632812, 37.469844818115234, -4.109914302825928]
  }
}
