{
  "armature": {
    "location": [9.402828216552734, 18.88401222229004, -10.557037353515625],
    "rotation": [
      0.2170889526605606,
      0.7586932182312012,
      -0.5856914520263672,
      0.1849946528673172
    ]
  },
  "thumb": {
    "location": [17.409366607666016, 12.769968032836914, -24.59859848022461]
  },
  "index": {
    "location": [16.7171573638916, 19.167572021484375, -18.987831115722656]
  },
  "middle": {
    "location": [17.479467391967773, 20.06287384033203, -13.929702758789062]
  },
  "ring": {
    "location": [16.79241943359375, 18.612743377685547, -10.097204208374023]
  },
  "pinky": {
    "location": [16.5402889251709, 19.71958351135254, -5.413727760314941]
  },
  "wrist": {
    "location": [18.71929168701172, 34.223121643066406, -7.038646697998047]
  }
}
