{
  "armature": {
    "location": [7.370361328125, 27.677635192871094, -5.243577480316162],
    "rotation": [
      0.44370999932289124,
      0.5615876317024231,
      -0.6978629231452942,
      0.02700917050242424
    ]
  },
  "thumb": {
    "location": [4.800919055938721, 16.989479064941406, -18.578231811523438]
  },
  "index": {
    "location": [9.661478042602539, 23.130937576293945, -15.180198669433594]
  },
  "middle": {
    "location": [12.780197143554688, 23.869709014892578, -11.094229698181152]
  },
  "ring": {
    "location": [13.14522647857666, 23.375389099121094, -6.985047817230225]
  },
  "pinky": {
    "location": [15.425357818603516, 24.822681427001953, -2.9938149452209473]
  },
  "wrist": {
    "location": [23.386661529541016, 35.45576477050781, -9.420044898986816]
  }
}
