{
  "armature": {
    "location": [18.560880661010742, 32.33077621459961, -21.309478759765625],
    "rotation": [
      -0.07918772846460342,
      0.707886278629303,
      0.7016159296035767,
      0.01900932565331459
    ]
  },
  "thumb": {
    "location": [9.071696281433105, 20.497974395751953, -13.749425888061523]
  },
  "index": {
    "location": [12.426068305969238, 9.682788848876953, -18.049510955810547]
  },
  "middle": {
    "location": [17.583213806152344, 9.701981544494629, -12.457215309143066]
  },
  "ring": {
    "location": [23.253541946411133, 11.652782440185547, -10.81854248046875]
  },
  "pinky": {
    "location": [29.131954193115234, 17.089014053344727, -10.81854248046875]
  },
  "wrist": {
    "location": [18.575471878051758, 51.51942825317383, -18.819385528564453]
  }
}
