{
  "armature": {
    "location": [18.560880661010742, 32.33077621459961, -10.256839752197266],
    "rotation": [
      -0.07918772846460342,
      0.707886278629303,
      0.7016159296035767,
      0.01900932565331459
    ]
  },
  "thumb": {
    "location": [9.071696281433105, 20.497974395751953, -2.696786403656006]
  },
  "index": {
    "location": [12.426068305969238, 9.682788848876953, -6.996871471405029]
  },
  "middle": {
    "location": [17.583213806152344, 9.701981544494629, -1.404576301574707]
  },
  "ring": {
    "location": [23.253541946411133, 11.652782440185547, 0.23409605026245117]
  },
  "pinky": {
    "location": [29.131954193115234, 17.089014053344727, 0.23409605026245117]
  },
  "wrist": {
    "location": [18.575471878051758, 51.51942825317383, -7.76674747467041]
  }
}
