{
  "armature": {
    "location": [22.899999618530273, 25.200000762939453, 1.399999976158142],
    "rotation": [
      0.4300000071525574,
      0.7400000095367432,
      0.36000001430511475,
      0.3700000047683716
    ]
  },
  "thumb": {
    "location": [19.498994827270508, 13.34585952758789, -23.552486419677734]
  },
  "index": {
    "location": [23.698806762695312, 1.0458593368530273, -16.30738067626953]
  },
  "middle": {
    "location": [21.575904846191406, 0.24585962295532227, -11.281120300292969]
  },
  "ring": {
    "location": [23.816574096679688, 2.145859718322754, -5.808515548706055]
  },
  "pinky": {
    "location": [24.919300079345703, 6.745859146118164, -0.90606689453125]
  },
  "wrist": {
    "location": [20.531801223754883, 44.34585952758789, -10.617908477783203]
  }
}
