{
  "armature": {
    "location": [17.831321716308594, 29.617361068725586, -11.241533279418945],
    "rotation": [
      0.1370329111814499,
      0.42336979508399963,
      0.7106985449790955,
      0.5448737740516663
    ]
  },
  "thumb": {
    "location": [14.36081314086914, 15.546749114990234, -20.027191162109375]
  },
  "index": {
    "location": [23.10336685180664, 7.781698226928711, -15.212690353393555]
  },
  "middle": {
    "location": [22.808258056640625, 6.90855598449707, -11.519041061401367]
  },
  "ring": {
    "location": [23.306194305419922, 7.452686309814453, -6.628454208374023]
  },
  "pinky": {
    "location": [22.684232711791992, 10.88128662109375, -1.291347622871399]
  },
  "wrist": {
    "location": [13.784614562988281, 44.17118835449219, -8.983904838562012]
  }
}
