{
  "armature": {
    "location": [27.792255401611328, 24.376216888427734, -10.302960395812988],
    "rotation": [
      0.46160638332366943,
      0.6218852996826172,
      0.44873541593551636,
      0.4458867311477661
    ]
  },
  "thumb": {
    "location": [16.114404678344727, 17.055238723754883, -20.164260864257812]
  },
  "index": {
    "location": [11.871376991271973, 7.4067511558532715, -18.531692504882812]
  },
  "middle": {
    "location": [11.760120391845703, 7.188478946685791, -12.820995330810547]
  },
  "ring": {
    "location": [11.700783729553223, 7.246812343597412, -6.822711944580078]
  },
  "pinky": {
    "location": [15.018596649169922, 10.217856407165527, -0.410064697265625]
  },
  "wrist": {
    "location": [31.815900802612305, 43.146095275878906, -7.872518539428711]
  }
}
